USE `dekuclient`;
-- MySQL dump 10.13  Distrib 5.6.24, for Win64 (x86_64)
--
-- Host: 10.3.73.63    Database: dekuclient
-- ------------------------------------------------------
-- Server version	5.7.17-log

/*!40101 SET @OLD_CHARACTER_SET_CLIENT=@@CHARACTER_SET_CLIENT */;
/*!40101 SET @OLD_CHARACTER_SET_RESULTS=@@CHARACTER_SET_RESULTS */;
/*!40101 SET @OLD_COLLATION_CONNECTION=@@COLLATION_CONNECTION */;
/*!40101 SET NAMES utf8 */;
/*!40103 SET @OLD_TIME_ZONE=@@TIME_ZONE */;
/*!40103 SET TIME_ZONE='+00:00' */;
/*!40014 SET @OLD_UNIQUE_CHECKS=@@UNIQUE_CHECKS, UNIQUE_CHECKS=0 */;
/*!40014 SET @OLD_FOREIGN_KEY_CHECKS=@@FOREIGN_KEY_CHECKS, FOREIGN_KEY_CHECKS=0 */;
/*!40101 SET @OLD_SQL_MODE=@@SQL_MODE, SQL_MODE='NO_AUTO_VALUE_ON_ZERO' */;
/*!40111 SET @OLD_SQL_NOTES=@@SQL_NOTES, SQL_NOTES=0 */;

--
-- Dumping data for table `sdd_contact`
--

LOCK TABLES `sdd_contact` WRITE;
/*!40000 ALTER TABLE `sdd_contact` DISABLE KEYS */;
INSERT INTO `sdd_contact` (`IDCustCont`, `CustomerID`, `ContactID`, `Name1`, `Name2`, `Street`, `StreetNo`, `ZipCode`, `City`, `Phone`, `Mail`, `PickupUntil`, `zipLayer`, `AdminDepotNo`, `timestamp`) VALUES (1,'2760304584','276a45eAqa','Notebooksbilliger.de',NULL,NULL,NULL,NULL,'Hannover',NULL,NULL,'17:00:00',1,'DE300','2016-02-17 09:13:16'),(3,'2760168975','276a1596V2','test',NULL,NULL,NULL,NULL,NULL,NULL,NULL,NULL,0,'DE555','2016-02-17 09:13:38'),(4,'2760306300','276a45eDFm','Test DE55',NULL,NULL,NULL,NULL,NULL,NULL,NULL,NULL,-1,'DE555','2016-04-27 14:17:07'),(5,'2760306308','276a45eDGI','Iden System Großhandels GmbH',NULL,NULL,NULL,NULL,NULL,NULL,NULL,NULL,0,'DE100','2016-05-20 08:11:57'),(6,'2760306310','276a45eDGM','duo schreib & spiel Markenshop GmbH',NULL,NULL,NULL,NULL,NULL,NULL,NULL,NULL,0,NULL,'2016-05-20 08:11:57'),(7,'2760083521','2760083345','TEST DE30',NULL,NULL,NULL,NULL,NULL,NULL,NULL,NULL,2,'DE300','2016-05-24 10:11:52'),(8,'2760083500','2760015457','TEST DE64',NULL,NULL,NULL,NULL,NULL,NULL,NULL,NULL,-1,'DE640','2016-05-24 09:59:52'),(9,'2760307868','276a45eHKU','apt-rot',NULL,NULL,NULL,NULL,'Hamburg',NULL,NULL,NULL,3,'DE200','2016-09-30 07:59:44'),(10,'2760064560','276a45eHn6','L-Shop',NULL,NULL,NULL,NULL,'',NULL,NULL,NULL,4,'DE460','2016-09-30 11:50:25'),(11,'9999999999','8888888888','Zalando',NULL,NULL,NULL,NULL,'Stadt 1',NULL,NULL,NULL,5,'DE555','2017-03-11 10:30:06'),(12,'9999999999','7777777777','Zalando',NULL,NULL,NULL,NULL,'Stadt 2',NULL,NULL,NULL,6,'DE555','2017-03-11 10:30:06');
/*!40000 ALTER TABLE `sdd_contact` ENABLE KEYS */;
UNLOCK TABLES;

--
-- Dumping data for table `sdd_contzip`
--

LOCK TABLES `sdd_contzip` WRITE;
/*!40000 ALTER TABLE `sdd_contzip` DISABLE KEYS */;
INSERT INTO `sdd_contzip` (`ID`, `Layer`, `Zip`, `TourNo`, `System`, `AdminDepotNo`, `timestamp`, `ChUserNo`, `ltop`, `etod`, `ltod`, `cut_off`) VALUES (1,1,'30159','100','GLS','DE300','2016-02-22 09:43:27',NULL,NULL,'17:30:00','22:00:00',NULL),(2,1,'30161','0','GLS','DE300','2016-02-17 09:17:26',NULL,NULL,'17:30:00','22:00:00',NULL),(3,1,'30163','0','GLS','DE300','2016-02-17 09:17:26',NULL,NULL,'17:30:00','22:00:00',NULL),(4,1,'30165','0','GLS','DE300','2016-02-17 09:17:26',NULL,NULL,'17:30:00','22:00:00',NULL),(5,1,'30167','0','GLS','DE300','2016-02-17 09:17:26',NULL,NULL,'17:30:00','22:00:00',NULL),(6,1,'30169','0','GLS','DE300','2016-02-17 09:17:26',NULL,NULL,'17:30:00','22:00:00',NULL),(7,1,'30171','0','GLS','DE300','2016-02-17 09:17:26',NULL,NULL,'17:30:00','22:00:00',NULL),(8,1,'30173','0','GLS','DE300','2016-02-17 09:17:26',NULL,NULL,'17:30:00','22:00:00',NULL),(9,1,'30175','0','GLS','DE300','2016-02-17 09:17:26',NULL,NULL,'17:30:00','22:00:00',NULL),(10,1,'30177','0','GLS','DE300','2016-02-17 09:17:26',NULL,NULL,'17:30:00','22:00:00',NULL),(11,1,'30179','0','GLS','DE300','2016-02-17 09:17:26',NULL,NULL,'17:30:00','22:00:00',NULL),(12,1,'30419','0','GLS','DE300','2016-02-17 09:17:26',NULL,NULL,'17:30:00','22:00:00',NULL),(13,1,'30449','0','GLS','DE300','2016-02-17 09:17:26',NULL,NULL,'17:30:00','22:00:00',NULL),(14,1,'30451','0','GLS','DE300','2016-02-17 09:17:26',NULL,NULL,'17:30:00','22:00:00',NULL),(15,1,'30453','0','GLS','DE300','2016-02-17 09:17:26',NULL,NULL,'17:30:00','22:00:00',NULL),(16,1,'30455','0','GLS','DE300','2016-02-17 09:17:26',NULL,NULL,'17:30:00','22:00:00',NULL),(17,1,'30457','0','GLS','DE300','2016-02-17 09:17:26',NULL,NULL,'17:30:00','22:00:00',NULL),(18,1,'30459','0','GLS','DE300','2016-02-17 09:17:26',NULL,NULL,'17:30:00','22:00:00',NULL),(19,1,'30519','0','GLS','DE300','2016-02-17 09:17:26',NULL,NULL,'17:30:00','22:00:00',NULL),(20,1,'30539','0','GLS','DE300','2016-02-17 09:17:26',NULL,NULL,'17:30:00','22:00:00',NULL),(21,1,'30559','0','GLS','DE300','2016-02-17 09:17:26',NULL,NULL,'17:30:00','22:00:00',NULL),(22,1,'30625','0','GLS','DE300','2016-02-17 09:17:26',NULL,NULL,'17:30:00','22:00:00',NULL),(23,1,'30627','0','GLS','DE300','2016-02-17 09:17:26',NULL,NULL,'17:30:00','22:00:00',NULL),(24,1,'30629','0','GLS','DE300','2016-02-17 09:17:26',NULL,NULL,'17:30:00','22:00:00',NULL),(25,1,'30655','0','GLS','DE300','2016-02-17 09:17:26',NULL,NULL,'17:30:00','22:00:00',NULL),(26,1,'30657','0','GLS','DE300','2016-02-17 09:17:26',NULL,NULL,'17:30:00','22:00:00',NULL),(27,1,'30659','0','GLS','DE300','2016-02-17 09:17:26',NULL,NULL,'17:30:00','22:00:00',NULL),(28,1,'30880','0','GLS','DE300','2016-02-17 09:17:26',NULL,NULL,'17:30:00','22:00:00',NULL),(57,-1,'36286','0','GLS','DE550','2016-04-27 14:17:11',NULL,NULL,'17:30:00','22:00:00',NULL),(58,-1,'36251','0','GLS','DE550','2016-04-27 14:17:11',NULL,NULL,'17:30:00','22:00:00',NULL),(87,-1,'30880','0','GLS','DE550','2016-04-27 14:29:23',NULL,NULL,'17:30:00','22:00:00',NULL),(88,2,'30159','0','GLS','DE300','0000-00-00 00:00:00',NULL,NULL,'17:30:00','22:00:00',NULL),(89,2,'30161','0','GLS','DE300','0000-00-00 00:00:00',NULL,NULL,'17:30:00','22:00:00',NULL),(90,2,'30163','0','GLS','DE300','0000-00-00 00:00:00',NULL,NULL,'17:30:00','22:00:00',NULL),(91,2,'30165','0','GLS','DE300','0000-00-00 00:00:00',NULL,NULL,'17:30:00','22:00:00',NULL),(92,2,'30167','0','GLS','DE300','0000-00-00 00:00:00',NULL,NULL,'17:30:00','22:00:00',NULL),(93,2,'30169','0','GLS','DE300','0000-00-00 00:00:00',NULL,NULL,'17:30:00','22:00:00',NULL),(94,2,'30171','0','GLS','DE300','0000-00-00 00:00:00',NULL,NULL,'17:30:00','22:00:00',NULL),(95,2,'30173','0','GLS','DE300','0000-00-00 00:00:00',NULL,NULL,'17:30:00','22:00:00',NULL),(96,2,'30175','0','GLS','DE300','0000-00-00 00:00:00',NULL,NULL,'17:30:00','22:00:00',NULL),(97,2,'30177','0','GLS','DE300','0000-00-00 00:00:00',NULL,NULL,'17:30:00','22:00:00',NULL),(98,2,'30179','0','GLS','DE300','0000-00-00 00:00:00',NULL,NULL,'17:30:00','22:00:00',NULL),(99,2,'30419','0','GLS','DE300','0000-00-00 00:00:00',NULL,NULL,'17:30:00','22:00:00',NULL),(100,2,'30449','0','GLS','DE300','0000-00-00 00:00:00',NULL,NULL,'17:30:00','22:00:00',NULL),(101,2,'30451','0','GLS','DE300','0000-00-00 00:00:00',NULL,NULL,'17:30:00','22:00:00',NULL),(102,2,'30453','0','GLS','DE300','0000-00-00 00:00:00',NULL,NULL,'17:30:00','22:00:00',NULL),(103,2,'30455','0','GLS','DE300','0000-00-00 00:00:00',NULL,NULL,'17:30:00','22:00:00',NULL),(104,2,'30457','0','GLS','DE300','0000-00-00 00:00:00',NULL,NULL,'17:30:00','22:00:00',NULL),(105,2,'30459','0','GLS','DE300','0000-00-00 00:00:00',NULL,NULL,'17:30:00','22:00:00',NULL),(106,2,'30519','0','GLS','DE300','0000-00-00 00:00:00',NULL,NULL,'17:30:00','22:00:00',NULL),(107,2,'30539','0','GLS','DE300','0000-00-00 00:00:00',NULL,NULL,'17:30:00','22:00:00',NULL),(108,2,'30559','0','GLS','DE300','0000-00-00 00:00:00',NULL,NULL,'17:30:00','22:00:00',NULL),(109,2,'30625','0','GLS','DE300','0000-00-00 00:00:00',NULL,NULL,'17:30:00','22:00:00',NULL),(110,2,'30627','0','GLS','DE300','0000-00-00 00:00:00',NULL,NULL,'17:30:00','22:00:00',NULL),(111,2,'30629','0','GLS','DE300','0000-00-00 00:00:00',NULL,NULL,'17:30:00','22:00:00',NULL),(112,2,'30655','0','GLS','DE300','0000-00-00 00:00:00',NULL,NULL,'17:30:00','22:00:00',NULL),(113,2,'30657','0','GLS','DE300','0000-00-00 00:00:00',NULL,NULL,'17:30:00','22:00:00',NULL),(114,2,'30659','0','GLS','DE300','0000-00-00 00:00:00',NULL,NULL,'17:30:00','22:00:00',NULL),(115,2,'30880','0','GLS','DE300','0000-00-00 00:00:00',NULL,NULL,'17:30:00','22:00:00',NULL),(116,3,'20095','0','GLS','DE200','2016-09-30 07:59:05',NULL,NULL,'17:30:00','22:00:00',NULL),(117,3,'20097','0','GLS','DE200','2016-09-30 07:59:05',NULL,NULL,'17:30:00','22:00:00',NULL),(118,3,'20099','0','GLS','DE200','2016-09-30 07:59:05',NULL,NULL,'17:30:00','22:00:00',NULL),(119,3,'20144','0','GLS','DE200','2016-09-30 07:59:05',NULL,NULL,'17:30:00','22:00:00',NULL),(120,3,'20146','0','GLS','DE200','2016-09-30 07:59:05',NULL,NULL,'17:30:00','22:00:00',NULL),(121,3,'20148','0','GLS','DE200','2016-09-30 07:59:05',NULL,NULL,'17:30:00','22:00:00',NULL),(122,3,'20149','0','GLS','DE200','2016-09-30 07:59:05',NULL,NULL,'17:30:00','22:00:00',NULL),(123,3,'20249','0','GLS','DE200','2016-09-30 07:59:05',NULL,NULL,'17:30:00','22:00:00',NULL),(124,3,'20251','0','GLS','DE200','2016-09-30 07:59:05',NULL,NULL,'17:30:00','22:00:00',NULL),(125,3,'20253','0','GLS','DE200','2016-09-30 07:59:05',NULL,NULL,'17:30:00','22:00:00',NULL),(126,3,'20255','0','GLS','DE200','2016-09-30 07:59:05',NULL,NULL,'17:30:00','22:00:00',NULL),(127,3,'20259','0','GLS','DE200','2016-09-30 07:59:05',NULL,NULL,'17:30:00','22:00:00',NULL),(128,3,'20354','0','GLS','DE200','2016-09-30 07:59:05',NULL,NULL,'17:30:00','22:00:00',NULL),(129,3,'20355','0','GLS','DE200','2016-09-30 07:59:05',NULL,NULL,'17:30:00','22:00:00',NULL),(130,3,'20357','0','GLS','DE200','2016-09-30 07:59:05',NULL,NULL,'17:30:00','22:00:00',NULL),(131,3,'20357','0','GLS','DE200','2016-09-30 07:59:05',NULL,NULL,'17:30:00','22:00:00',NULL),(132,3,'20359','0','GLS','DE200','2016-09-30 07:59:05',NULL,NULL,'17:30:00','22:00:00',NULL),(133,3,'20457','0','GLS','DE200','2016-09-30 07:59:05',NULL,NULL,'17:30:00','22:00:00',NULL),(134,3,'20459','0','GLS','DE200','2016-09-30 07:59:05',NULL,NULL,'17:30:00','22:00:00',NULL),(135,3,'20535','0','GLS','DE200','2016-09-30 07:59:05',NULL,NULL,'17:30:00','22:00:00',NULL),(136,3,'20537','0','GLS','DE200','2016-09-30 07:59:05',NULL,NULL,'17:30:00','22:00:00',NULL),(137,3,'20539','0','GLS','DE200','2016-09-30 07:59:05',NULL,NULL,'17:30:00','22:00:00',NULL),(138,3,'22041','0','GLS','DE200','2016-09-30 07:59:05',NULL,NULL,'17:30:00','22:00:00',NULL),(139,3,'22043','0','GLS','DE200','2016-09-30 07:59:05',NULL,NULL,'17:30:00','22:00:00',NULL),(140,3,'22047','0','GLS','DE200','2016-09-30 07:59:05',NULL,NULL,'17:30:00','22:00:00',NULL),(141,3,'22049','0','GLS','DE200','2016-09-30 07:59:05',NULL,NULL,'17:30:00','22:00:00',NULL),(142,3,'22081','0','GLS','DE200','2016-09-30 07:59:05',NULL,NULL,'17:30:00','22:00:00',NULL),(143,3,'22083','0','GLS','DE200','2016-09-30 07:59:05',NULL,NULL,'17:30:00','22:00:00',NULL),(144,3,'22085','0','GLS','DE200','2016-09-30 07:59:05',NULL,NULL,'17:30:00','22:00:00',NULL),(145,3,'22087','0','GLS','DE200','2016-09-30 07:59:05',NULL,NULL,'17:30:00','22:00:00',NULL),(146,3,'22089','0','GLS','DE200','2016-09-30 07:59:05',NULL,NULL,'17:30:00','22:00:00',NULL),(147,3,'22111','0','GLS','DE200','2016-09-30 07:59:05',NULL,NULL,'17:30:00','22:00:00',NULL),(148,3,'22119','0','GLS','DE200','2016-09-30 07:59:05',NULL,NULL,'17:30:00','22:00:00',NULL),(149,3,'22177','0','GLS','DE200','2016-09-30 07:59:05',NULL,NULL,'17:30:00','22:00:00',NULL),(150,3,'22179','0','GLS','DE200','2016-09-30 07:59:05',NULL,NULL,'17:30:00','22:00:00',NULL),(151,3,'22297','0','GLS','DE200','2016-09-30 07:59:05',NULL,NULL,'17:30:00','22:00:00',NULL),(152,3,'22299','0','GLS','DE200','2016-09-30 07:59:05',NULL,NULL,'17:30:00','22:00:00',NULL),(153,3,'22301','0','GLS','DE200','2016-09-30 07:59:05',NULL,NULL,'17:30:00','22:00:00',NULL),(154,3,'22303','0','GLS','DE200','2016-09-30 07:59:05',NULL,NULL,'17:30:00','22:00:00',NULL),(155,3,'22305','0','GLS','DE200','2016-09-30 07:59:05',NULL,NULL,'17:30:00','22:00:00',NULL),(156,3,'22307','0','GLS','DE200','2016-09-30 07:59:05',NULL,NULL,'17:30:00','22:00:00',NULL),(157,3,'22309','0','GLS','DE200','2016-09-30 07:59:05',NULL,NULL,'17:30:00','22:00:00',NULL),(158,3,'22453','0','GLS','DE200','2016-09-30 07:59:05',NULL,NULL,'17:30:00','22:00:00',NULL),(159,3,'22525','0','GLS','DE200','2016-09-30 07:59:05',NULL,NULL,'17:30:00','22:00:00',NULL),(160,3,'22527','0','GLS','DE200','2016-09-30 07:59:05',NULL,NULL,'17:30:00','22:00:00',NULL),(161,3,'22529','0','GLS','DE200','2016-09-30 07:59:05',NULL,NULL,'17:30:00','22:00:00',NULL),(162,3,'22761','0','GLS','DE200','2016-09-30 07:59:05',NULL,NULL,'17:30:00','22:00:00',NULL),(163,3,'22763','0','GLS','DE200','2016-09-30 07:59:05',NULL,NULL,'17:30:00','22:00:00',NULL),(164,3,'22765','0','GLS','DE200','2016-09-30 07:59:05',NULL,NULL,'17:30:00','22:00:00',NULL),(165,3,'22767','0','GLS','DE200','2016-09-30 07:59:05',NULL,NULL,'17:30:00','22:00:00',NULL),(166,3,'22769','0','GLS','DE200','2016-09-30 07:59:05',NULL,NULL,'17:30:00','22:00:00',NULL),(167,3,'20257','0','GLS','DE200','2016-09-30 07:59:05',NULL,NULL,'17:30:00','22:00:00',NULL),(168,3,'21029','0','GLS','DE200','2016-09-30 07:59:05',NULL,NULL,'17:30:00','22:00:00',NULL),(169,3,'21031','0','GLS','DE200','2016-09-30 07:59:05',NULL,NULL,'17:30:00','22:00:00',NULL),(170,3,'21033','0','GLS','DE200','2016-09-30 07:59:05',NULL,NULL,'17:30:00','22:00:00',NULL),(171,3,'21035','0','GLS','DE200','2016-09-30 07:59:05',NULL,NULL,'17:30:00','22:00:00',NULL),(172,3,'21073','0','GLS','DE200','2016-09-30 07:59:05',NULL,NULL,'17:30:00','22:00:00',NULL),(173,3,'21075','0','GLS','DE200','2016-09-30 07:59:05',NULL,NULL,'17:30:00','22:00:00',NULL),(174,3,'21077','0','GLS','DE200','2016-09-30 07:59:05',NULL,NULL,'17:30:00','22:00:00',NULL),(175,3,'21079','0','GLS','DE200','2016-09-30 07:59:05',NULL,NULL,'17:30:00','22:00:00',NULL),(176,3,'21107','0','GLS','DE200','2016-09-30 07:59:05',NULL,NULL,'17:30:00','22:00:00',NULL),(177,3,'21109','0','GLS','DE200','2016-09-30 07:59:05',NULL,NULL,'17:30:00','22:00:00',NULL),(178,3,'22045','0','GLS','DE200','2016-09-30 07:59:05',NULL,NULL,'17:30:00','22:00:00',NULL),(179,3,'22113','0','GLS','DE200','2016-09-30 07:59:05',NULL,NULL,'17:30:00','22:00:00',NULL),(180,3,'22115','0','GLS','DE200','2016-09-30 07:59:05',NULL,NULL,'17:30:00','22:00:00',NULL),(181,3,'22117','0','GLS','DE200','2016-09-30 07:59:05',NULL,NULL,'17:30:00','22:00:00',NULL),(182,3,'22143','0','GLS','DE200','2016-09-30 07:59:05',NULL,NULL,'17:30:00','22:00:00',NULL),(183,3,'22145','0','GLS','DE200','2016-09-30 07:59:05',NULL,NULL,'17:30:00','22:00:00',NULL),(184,3,'22147','0','GLS','DE200','2016-09-30 07:59:05',NULL,NULL,'17:30:00','22:00:00',NULL),(185,3,'22149','0','GLS','DE200','2016-09-30 07:59:05',NULL,NULL,'17:30:00','22:00:00',NULL),(186,3,'22159','0','GLS','DE200','2016-09-30 07:59:05',NULL,NULL,'17:30:00','22:00:00',NULL),(187,3,'22175','0','GLS','DE200','2016-09-30 07:59:05',NULL,NULL,'17:30:00','22:00:00',NULL),(188,3,'22335','0','GLS','DE200','2016-09-30 07:59:05',NULL,NULL,'17:30:00','22:00:00',NULL),(189,3,'22337','0','GLS','DE200','2016-09-30 07:59:05',NULL,NULL,'17:30:00','22:00:00',NULL),(190,3,'22339','0','GLS','DE200','2016-09-30 07:59:05',NULL,NULL,'17:30:00','22:00:00',NULL),(191,3,'22359','0','GLS','DE200','2016-09-30 07:59:05',NULL,NULL,'17:30:00','22:00:00',NULL),(192,3,'22391','0','GLS','DE200','2016-09-30 07:59:05',NULL,NULL,'17:30:00','22:00:00',NULL),(193,3,'22393','0','GLS','DE200','2016-09-30 07:59:05',NULL,NULL,'17:30:00','22:00:00',NULL),(194,3,'22395','0','GLS','DE200','2016-09-30 07:59:05',NULL,NULL,'17:30:00','22:00:00',NULL),(195,3,'22397','0','GLS','DE200','2016-09-30 07:59:05',NULL,NULL,'17:30:00','22:00:00',NULL),(196,3,'22399','0','GLS','DE200','2016-09-30 07:59:05',NULL,NULL,'17:30:00','22:00:00',NULL),(197,3,'22415','0','GLS','DE200','2016-09-30 07:59:05',NULL,NULL,'17:30:00','22:00:00',NULL),(198,3,'22417','0','GLS','DE200','2016-09-30 07:59:05',NULL,NULL,'17:30:00','22:00:00',NULL),(199,3,'22419','0','GLS','DE200','2016-09-30 07:59:05',NULL,NULL,'17:30:00','22:00:00',NULL),(200,3,'22455','0','GLS','DE200','2016-09-30 07:59:05',NULL,NULL,'17:30:00','22:00:00',NULL),(201,3,'22457','0','GLS','DE200','2016-09-30 07:59:05',NULL,NULL,'17:30:00','22:00:00',NULL),(202,3,'22459','0','GLS','DE200','2016-09-30 07:59:05',NULL,NULL,'17:30:00','22:00:00',NULL),(203,3,'22523','0','GLS','DE200','2016-09-30 07:59:05',NULL,NULL,'17:30:00','22:00:00',NULL),(204,3,'22547','0','GLS','DE200','2016-09-30 07:59:05',NULL,NULL,'17:30:00','22:00:00',NULL),(205,3,'22549','0','GLS','DE200','2016-09-30 07:59:05',NULL,NULL,'17:30:00','22:00:00',NULL),(206,3,'22559','0','GLS','DE200','2016-09-30 07:59:05',NULL,NULL,'17:30:00','22:00:00',NULL),(207,3,'22587','0','GLS','DE200','2016-09-30 07:59:05',NULL,NULL,'17:30:00','22:00:00',NULL),(208,3,'22589','0','GLS','DE200','2016-09-30 07:59:05',NULL,NULL,'17:30:00','22:00:00',NULL),(209,3,'22605','0','GLS','DE200','2016-09-30 07:59:05',NULL,NULL,'17:30:00','22:00:00',NULL),(210,3,'22607','0','GLS','DE200','2016-09-30 07:59:05',NULL,NULL,'17:30:00','22:00:00',NULL),(211,3,'22609','0','GLS','DE200','2016-09-30 07:59:05',NULL,NULL,'17:30:00','22:00:00',NULL),(212,4,'44135','0','GLS','DE460','2016-09-30 11:51:47',NULL,NULL,'17:30:00','22:00:00',NULL),(213,4,'44137','0','GLS','DE460','2016-09-30 11:51:47',NULL,NULL,'17:30:00','22:00:00',NULL),(214,4,'44139','0','GLS','DE460','2016-09-30 11:51:47',NULL,NULL,'17:30:00','22:00:00',NULL),(215,4,'44141','0','GLS','DE460','2016-09-30 11:51:47',NULL,NULL,'17:30:00','22:00:00',NULL),(216,4,'44143','0','GLS','DE460','2016-09-30 11:51:47',NULL,NULL,'17:30:00','22:00:00',NULL),(217,4,'44145','0','GLS','DE460','2016-09-30 11:51:47',NULL,NULL,'17:30:00','22:00:00',NULL),(218,4,'44147','0','GLS','DE460','2016-09-30 11:51:47',NULL,NULL,'17:30:00','22:00:00',NULL),(219,4,'44149','0','GLS','DE460','2016-09-30 11:51:47',NULL,NULL,'17:30:00','22:00:00',NULL),(220,4,'44263','0','GLS','DE460','2016-09-30 11:51:47',NULL,NULL,'17:30:00','22:00:00',NULL),(221,4,'44269','0','GLS','DE460','2016-09-30 11:51:47',NULL,NULL,'17:30:00','22:00:00',NULL),(222,4,'44287','0','GLS','DE460','2016-09-30 11:51:47',NULL,NULL,'17:30:00','22:00:00',NULL),(223,4,'44309','0','GLS','DE460','2016-09-30 11:51:47',NULL,NULL,'17:30:00','22:00:00',NULL),(224,4,'44328','0','GLS','DE460','2016-09-30 11:51:47',NULL,NULL,'17:30:00','22:00:00',NULL),(225,4,'44369','0','GLS','DE460','2016-09-30 11:51:47',NULL,NULL,'17:30:00','22:00:00',NULL),(226,4,'44379','0','GLS','DE460','2016-09-30 11:51:47',NULL,NULL,'17:30:00','22:00:00',NULL),(227,4,'44388','0','GLS','DE460','2016-09-30 11:51:47',NULL,NULL,'17:30:00','22:00:00',NULL),(228,5,'40822','0','GLS','DE555','2017-03-06 14:20:46',NULL,'16:00:00','17:30:00','22:00:00',NULL),(229,6,'36286','0','GLS','DE555','2017-03-06 14:20:46',NULL,'16:00:00','17:30:00','22:00:00',NULL);
/*!40000 ALTER TABLE `sdd_contzip` ENABLE KEYS */;
UNLOCK TABLES;

--
-- Dumping data for table `sdd_customer`
--

LOCK TABLES `sdd_customer` WRITE;
/*!40000 ALTER TABLE `sdd_customer` DISABLE KEYS */;
INSERT INTO `sdd_customer` (`CustomerID`, `Name1`, `Name2`, `Street`, `StreetNo`, `ZipCode`, `City`, `Mail`, `ValidFrom`, `ValidTo`, `timestamp`) VALUES ('2760304584','Notebooksbilliger.de','',NULL,NULL,NULL,NULL,NULL,'2015-12-16 00:00:00','2099-12-31 00:00:00','2016-04-27 09:07:20'),('2760168975','test',NULL,NULL,NULL,NULL,NULL,NULL,'0000-00-00 00:00:00','2099-12-31 00:00:00','2015-12-17 12:39:39'),('2760306300','Test DE55',NULL,NULL,NULL,NULL,NULL,NULL,'0000-00-00 00:00:00','2099-12-31 00:00:00','2016-04-25 13:57:59'),('2760306308','Iden System Großhandels GmbH',NULL,NULL,NULL,NULL,NULL,NULL,'0000-00-00 00:00:00','0000-00-00 00:00:00','2016-04-25 15:07:07'),('2760306310','duo schreib & spiel Markenshop GmbH',NULL,NULL,NULL,NULL,NULL,NULL,'0000-00-00 00:00:00','2099-12-31 00:00:00','2016-04-27 09:07:20'),('2760083521','TEST DE30',NULL,NULL,NULL,NULL,NULL,NULL,'0000-00-00 00:00:00','2099-12-31 00:00:00','2016-05-24 10:11:18'),('2760083500','TEST DE64',NULL,NULL,NULL,NULL,NULL,NULL,'0000-00-00 00:00:00','2099-12-31 00:00:00','2016-05-24 10:00:06'),('2760307868','apo-rot',NULL,NULL,NULL,NULL,NULL,NULL,'0000-00-00 00:00:00','2099-12-31 00:00:00','2016-09-30 09:10:46'),('2760064560','L-Shop',NULL,NULL,NULL,NULL,NULL,NULL,'0000-00-00 00:00:00','2099-12-31 00:00:00','2016-09-30 11:49:46'),('9999999999','Zalando',NULL,NULL,NULL,NULL,NULL,NULL,'0000-00-00 00:00:00','2099-12-31 00:00:00','2017-03-11 10:29:18');
/*!40000 ALTER TABLE `sdd_customer` ENABLE KEYS */;
UNLOCK TABLES;
/*!40103 SET TIME_ZONE=@OLD_TIME_ZONE */;

/*!40101 SET SQL_MODE=@OLD_SQL_MODE */;
/*!40014 SET FOREIGN_KEY_CHECKS=@OLD_FOREIGN_KEY_CHECKS */;
/*!40014 SET UNIQUE_CHECKS=@OLD_UNIQUE_CHECKS */;
/*!40101 SET CHARACTER_SET_CLIENT=@OLD_CHARACTER_SET_CLIENT */;
/*!40101 SET CHARACTER_SET_RESULTS=@OLD_CHARACTER_SET_RESULTS */;
/*!40101 SET COLLATION_CONNECTION=@OLD_COLLATION_CONNECTION */;
/*!40111 SET SQL_NOTES=@OLD_SQL_NOTES */;

-- Dump completed on 2017-03-11 11:31:21
