use dekuclient;

INSERT INTO tblauftrag (OrderID, AuftragsID, GKNr, Belegnummer, DepotNrED, DepotNrAbD, DepotNrbev, DepotNrAD, DepotNrZD, DepotNrLD, lockflag, dtCreateAD, dtSendAD2Z, dtReceiveZ2ZD, dtModifyZD, dtTermin_von, dtTermin, dtAuslieferung, dtAuslieferDatum, dtAuslieferZeit, Empfaenger, Timestamp, KDNR, FirmaS, FirmaS2, LandS, PLZS, OrtS, StrasseS, StrNrS, TelefonVWS, TelefonNrS, TelefaxNrS, FirmaD, FirmaD2, LandD, PLZD, OrtD, StrasseD, StrNrD, TelefonVWD, TelefonNrD, TelefaxNrD, GewichtGesamt, ColliesGesamt, PreisNN, DatumNN, erhaltenNN, Feiertag_1, FeiertagShlD, FeiertagShlS, Feiertag_2, ClearingDate, ClearingDateMaster, Satzart, Referenz, Referenz2, Adr_Nr_Absender, Adr_Nr_Empfaenger, Wert, Nachnahmebetrag, Versicherungswert, Verladedatum, Lieferdatum, Lieferzeit_von, Lieferzeit_bis, KZ_Fahrzeug, KZ_Transportart, Service, Sendungsstatus, KZ_erweitert, Information1, Information2, Inhalt, Frei4, Frei5, Verladezeit_von, Verladezeit_bis, Besteller_Name, Ladelisten_Nummer, CR, FahrerNr, d, Info_Rollkarte, Info_Intern, termin_i, Zone, Insel, Zonea, Insela, `69_Betrag_Abrechnung_Kunde`, `69_KostenBahnFlug`, `69_KmDirekt`, `69_KZ_SameDay`, Betrag_Importkosten, Betrag_Importkosten_best, Betrag_Exportkosten, Betrag_Exportkosten_best, Sondervereinbarung, Importkosten, ExportkostenPU, RechnungsNr, OrtDX, frueheste_zustellzeit, UploadStatus, SendStatus, SdgArt, IDSdgArt, RueckDate, ClearingArtMaster, ZoneS, Locking, SdgType, SdgStatus, ROrderID, EBOrderID, EXAuftragsIDRef, FirmaS3, FirmaD3, product_spec, BagBelegNrA, BagIDNrA, PlombenNrA, GLSKdnr, xc_ex_orderid, AbrechnungKunde, EmpfName, BetragAbrechnungKunde, KostenBahnFlug, KmDirekt, KZSameday, disponiert, sendstatus2, pickup_longitude, pickup_latitude, delivery_longitude, delivery_latitude) VALUES (21738065648, '100_021738065648', null, 10050226965, 100, 100, null, 100, 100, 100, 0, '2017-10-17 09:54:59', null, null, null, '1899-12-30 07:30:00', '1899-12-30 08:00:00', '2017-10-18 00:00:00', null, null, null, '2017-10-17 09:54:14', 0, 'DER KURIER GmbH & Co. KG', 'Zentralumschlag', 'DE', '36285', 'Neuenstein', 'Dörrwiese', '2', null, '0049-6677-950', '0049-6677-9559', 'Gesamtschule Geistal', null, 'DE', '36251', 'Bad Hersfelfd', 'Geistalweg', '9', null, null, null, 1, 1, 0, null, null, 'Dienstag', 1, 1, 'Mittwoch', null, null, '1', null, null, null, null, 0, null, 0, '2017-10-17 00:00:00', null, null, null, 8, 8, 524800, null, 64, null, null, null, null, null, '1899-12-30 09:49:00', '1899-12-30 17:00:00', null, null, null, null, null, null, null, 7, 'A', '0', 'A', '0', null, null, null, null, 0, null, 0, null, null, null, null, 'NLeoOnAvis100', null, null, 0, 0, null, 0, null, 0, null, null, 'S', 'S', 0, null, null, null, null, null, null, null, null, 0, null, null, null, 0, null, 0, null, 0, 0, 0, 0, 0, 0);
INSERT INTO tblauftrag (OrderID, AuftragsID, GKNr, Belegnummer, DepotNrED, DepotNrAbD, DepotNrbev, DepotNrAD, DepotNrZD, DepotNrLD, lockflag, dtCreateAD, dtSendAD2Z, dtReceiveZ2ZD, dtModifyZD, dtTermin_von, dtTermin, dtAuslieferung, dtAuslieferDatum, dtAuslieferZeit, Empfaenger, Timestamp, KDNR, FirmaS, FirmaS2, LandS, PLZS, OrtS, StrasseS, StrNrS, TelefonVWS, TelefonNrS, TelefaxNrS, FirmaD, FirmaD2, LandD, PLZD, OrtD, StrasseD, StrNrD, TelefonVWD, TelefonNrD, TelefaxNrD, GewichtGesamt, ColliesGesamt, PreisNN, DatumNN, erhaltenNN, Feiertag_1, FeiertagShlD, FeiertagShlS, Feiertag_2, ClearingDate, ClearingDateMaster, Satzart, Referenz, Referenz2, Adr_Nr_Absender, Adr_Nr_Empfaenger, Wert, Nachnahmebetrag, Versicherungswert, Verladedatum, Lieferdatum, Lieferzeit_von, Lieferzeit_bis, KZ_Fahrzeug, KZ_Transportart, Service, Sendungsstatus, KZ_erweitert, Information1, Information2, Inhalt, Frei4, Frei5, Verladezeit_von, Verladezeit_bis, Besteller_Name, Ladelisten_Nummer, CR, FahrerNr, d, Info_Rollkarte, Info_Intern, termin_i, Zone, Insel, Zonea, Insela, `69_Betrag_Abrechnung_Kunde`, `69_KostenBahnFlug`, `69_KmDirekt`, `69_KZ_SameDay`, Betrag_Importkosten, Betrag_Importkosten_best, Betrag_Exportkosten, Betrag_Exportkosten_best, Sondervereinbarung, Importkosten, ExportkostenPU, RechnungsNr, OrtDX, frueheste_zustellzeit, UploadStatus, SendStatus, SdgArt, IDSdgArt, RueckDate, ClearingArtMaster, ZoneS, Locking, SdgType, SdgStatus, ROrderID, EBOrderID, EXAuftragsIDRef, FirmaS3, FirmaD3, product_spec, BagBelegNrA, BagIDNrA, PlombenNrA, GLSKdnr, xc_ex_orderid, AbrechnungKunde, EmpfName, BetragAbrechnungKunde, KostenBahnFlug, KmDirekt, KZSameday, disponiert, sendstatus2, pickup_longitude, pickup_latitude, delivery_longitude, delivery_latitude) VALUES (21738065646, '100_021738065646', null, 10050226961, 100, 100, null, 100, 100, 100, 0, '2017-10-17 09:47:35', null, null, null, '1899-12-30 08:00:00', '1899-12-30 09:00:00', '2017-10-18 00:00:00', null, null, null, '2017-10-17 09:46:49', 0, 'DER KURIER GmbH & Co. KG', 'Zentralumschlag', 'DE', '36285', 'Neuenstein', 'Dörrwiese', '2', null, '0049-6677-950', '0049-6677-9559', 'Aqua Fit', null, 'DE', '36251', 'Bad Hersfeld', 'Kolpingstraße', '6', null, null, null, 33, 2, 0, null, null, 'Dienstag', 1, 1, 'Mittwoch', null, null, '1', null, null, null, null, 0, null, 0, '2017-10-17 00:00:00', null, null, null, 8, 8, 536870912, null, 64, null, null, null, null, null, '1899-12-30 09:45:00', '1899-12-30 17:00:00', null, null, null, null, null, null, null, 6, 'A', '0', 'A', '0', null, null, null, null, 0, null, 0, null, null, null, null, 'NLeoOnAvis100', null, null, 0, 0, null, 0, null, 0, null, null, 'S', 'S', 0, null, null, null, null, null, null, null, null, 0, null, null, null, 0, null, 0, null, 0, 0, 0, 0, 0, 0);
INSERT INTO tblauftrag (OrderID, AuftragsID, GKNr, Belegnummer, DepotNrED, DepotNrAbD, DepotNrbev, DepotNrAD, DepotNrZD, DepotNrLD, lockflag, dtCreateAD, dtSendAD2Z, dtReceiveZ2ZD, dtModifyZD, dtTermin_von, dtTermin, dtAuslieferung, dtAuslieferDatum, dtAuslieferZeit, Empfaenger, Timestamp, KDNR, FirmaS, FirmaS2, LandS, PLZS, OrtS, StrasseS, StrNrS, TelefonVWS, TelefonNrS, TelefaxNrS, FirmaD, FirmaD2, LandD, PLZD, OrtD, StrasseD, StrNrD, TelefonVWD, TelefonNrD, TelefaxNrD, GewichtGesamt, ColliesGesamt, PreisNN, DatumNN, erhaltenNN, Feiertag_1, FeiertagShlD, FeiertagShlS, Feiertag_2, ClearingDate, ClearingDateMaster, Satzart, Referenz, Referenz2, Adr_Nr_Absender, Adr_Nr_Empfaenger, Wert, Nachnahmebetrag, Versicherungswert, Verladedatum, Lieferdatum, Lieferzeit_von, Lieferzeit_bis, KZ_Fahrzeug, KZ_Transportart, Service, Sendungsstatus, KZ_erweitert, Information1, Information2, Inhalt, Frei4, Frei5, Verladezeit_von, Verladezeit_bis, Besteller_Name, Ladelisten_Nummer, CR, FahrerNr, d, Info_Rollkarte, Info_Intern, termin_i, Zone, Insel, Zonea, Insela, `69_Betrag_Abrechnung_Kunde`, `69_KostenBahnFlug`, `69_KmDirekt`, `69_KZ_SameDay`, Betrag_Importkosten, Betrag_Importkosten_best, Betrag_Exportkosten, Betrag_Exportkosten_best, Sondervereinbarung, Importkosten, ExportkostenPU, RechnungsNr, OrtDX, frueheste_zustellzeit, UploadStatus, SendStatus, SdgArt, IDSdgArt, RueckDate, ClearingArtMaster, ZoneS, Locking, SdgType, SdgStatus, ROrderID, EBOrderID, EXAuftragsIDRef, FirmaS3, FirmaD3, product_spec, BagBelegNrA, BagIDNrA, PlombenNrA, GLSKdnr, xc_ex_orderid, AbrechnungKunde, EmpfName, BetragAbrechnungKunde, KostenBahnFlug, KmDirekt, KZSameday, disponiert, sendstatus2, pickup_longitude, pickup_latitude, delivery_longitude, delivery_latitude) VALUES (21738065653, '100_021738065653', null, 10050226968, 100, 100, null, 100, 100, 100, 0, '2017-10-17 10:02:57', null, null, null, '1899-12-30 08:00:00', '1899-12-30 08:30:00', '2017-10-18 00:00:00', null, null, null, '2017-10-17 10:02:12', 0, 'DER KURIER GmbH & Co. KG', 'Zentralumschlag', 'DE', '36285', 'Neuenstein', 'Dörrwiese', '2', null, '0049-6677-950', '0049-6677-9559', 'Konrad-Duden-Schule', null, 'DE', '36251', 'Bad Hersfeld', 'Neumarkt', '33', null, null, null, 2, 1, 0, null, null, 'Dienstag', 1, 1, 'Mittwoch', null, null, '1', null, null, null, null, 0, null, 0, '2017-10-17 00:00:00', null, null, null, 8, 8, 268435456, null, 320, null, null, null, null, null, '1899-12-30 10:00:00', '1899-12-30 17:00:00', null, null, null, null, null, null, null, 8, 'A', '0', 'A', '0', null, null, null, null, 0, null, 0, null, null, null, null, 'NLeoOnAvis100', null, null, 0, 0, null, 0, null, 0, null, null, 'S', 'S', 0, null, null, null, null, null, null, null, null, 0, null, null, null, 0, null, 0, null, 0, 0, 0, 0, 0, 0);
INSERT INTO tblauftrag (OrderID, AuftragsID, GKNr, Belegnummer, DepotNrED, DepotNrAbD, DepotNrbev, DepotNrAD, DepotNrZD, DepotNrLD, lockflag, dtCreateAD, dtSendAD2Z, dtReceiveZ2ZD, dtModifyZD, dtTermin_von, dtTermin, dtAuslieferung, dtAuslieferDatum, dtAuslieferZeit, Empfaenger, Timestamp, KDNR, FirmaS, FirmaS2, LandS, PLZS, OrtS, StrasseS, StrNrS, TelefonVWS, TelefonNrS, TelefaxNrS, FirmaD, FirmaD2, LandD, PLZD, OrtD, StrasseD, StrNrD, TelefonVWD, TelefonNrD, TelefaxNrD, GewichtGesamt, ColliesGesamt, PreisNN, DatumNN, erhaltenNN, Feiertag_1, FeiertagShlD, FeiertagShlS, Feiertag_2, ClearingDate, ClearingDateMaster, Satzart, Referenz, Referenz2, Adr_Nr_Absender, Adr_Nr_Empfaenger, Wert, Nachnahmebetrag, Versicherungswert, Verladedatum, Lieferdatum, Lieferzeit_von, Lieferzeit_bis, KZ_Fahrzeug, KZ_Transportart, Service, Sendungsstatus, KZ_erweitert, Information1, Information2, Inhalt, Frei4, Frei5, Verladezeit_von, Verladezeit_bis, Besteller_Name, Ladelisten_Nummer, CR, FahrerNr, d, Info_Rollkarte, Info_Intern, termin_i, Zone, Insel, Zonea, Insela, `69_Betrag_Abrechnung_Kunde`, `69_KostenBahnFlug`, `69_KmDirekt`, `69_KZ_SameDay`, Betrag_Importkosten, Betrag_Importkosten_best, Betrag_Exportkosten, Betrag_Exportkosten_best, Sondervereinbarung, Importkosten, ExportkostenPU, RechnungsNr, OrtDX, frueheste_zustellzeit, UploadStatus, SendStatus, SdgArt, IDSdgArt, RueckDate, ClearingArtMaster, ZoneS, Locking, SdgType, SdgStatus, ROrderID, EBOrderID, EXAuftragsIDRef, FirmaS3, FirmaD3, product_spec, BagBelegNrA, BagIDNrA, PlombenNrA, GLSKdnr, xc_ex_orderid, AbrechnungKunde, EmpfName, BetragAbrechnungKunde, KostenBahnFlug, KmDirekt, KZSameday, disponiert, sendstatus2, pickup_longitude, pickup_latitude, delivery_longitude, delivery_latitude) VALUES (21738065642, '100_021738065642', null, 10050226959, 100, 100, null, 100, 100, 100, 0, '2017-10-17 09:41:04', null, null, null, '1899-12-30 08:00:00', '1899-12-30 12:00:00', '2017-10-18 00:00:00', null, null, null, '2017-10-17 09:40:19', 0, 'DER KURIER GmbH & Co. KG', 'Zentralumschlag', 'DE', '36285', 'Neuenstein', 'Dörrwiese', '2', null, '0049-6677-950', '0049-6677-9559', 'Stadtmuseum Bad Hersfeld', null, 'DE', '36251', 'Bad Hersfeld', 'Im Stift', '6a', null, null, null, 5, 1, 46.33, null, null, 'Dienstag', 1, 1, 'Mittwoch', null, null, '1', null, null, null, null, 0, null, 0, '2017-10-17 00:00:00', null, null, null, 8, 8, 128, null, 64, null, null, null, null, null, '1899-12-30 09:34:00', '1899-12-30 17:00:00', null, null, null, null, null, null, null, 3, 'A', '0', 'A', '0', null, null, null, null, 0, null, 0, null, null, null, null, 'NLeoOnAvis100', null, null, 0, 0, null, 0, null, 0, null, null, 'S', 'S', 0, null, null, null, null, null, null, null, null, 0, null, null, null, 0, null, 0, null, 0, 0, 0, 0, 0, 0);
INSERT INTO tblauftrag (OrderID, AuftragsID, GKNr, Belegnummer, DepotNrED, DepotNrAbD, DepotNrbev, DepotNrAD, DepotNrZD, DepotNrLD, lockflag, dtCreateAD, dtSendAD2Z, dtReceiveZ2ZD, dtModifyZD, dtTermin_von, dtTermin, dtAuslieferung, dtAuslieferDatum, dtAuslieferZeit, Empfaenger, Timestamp, KDNR, FirmaS, FirmaS2, LandS, PLZS, OrtS, StrasseS, StrNrS, TelefonVWS, TelefonNrS, TelefaxNrS, FirmaD, FirmaD2, LandD, PLZD, OrtD, StrasseD, StrNrD, TelefonVWD, TelefonNrD, TelefaxNrD, GewichtGesamt, ColliesGesamt, PreisNN, DatumNN, erhaltenNN, Feiertag_1, FeiertagShlD, FeiertagShlS, Feiertag_2, ClearingDate, ClearingDateMaster, Satzart, Referenz, Referenz2, Adr_Nr_Absender, Adr_Nr_Empfaenger, Wert, Nachnahmebetrag, Versicherungswert, Verladedatum, Lieferdatum, Lieferzeit_von, Lieferzeit_bis, KZ_Fahrzeug, KZ_Transportart, Service, Sendungsstatus, KZ_erweitert, Information1, Information2, Inhalt, Frei4, Frei5, Verladezeit_von, Verladezeit_bis, Besteller_Name, Ladelisten_Nummer, CR, FahrerNr, d, Info_Rollkarte, Info_Intern, termin_i, Zone, Insel, Zonea, Insela, `69_Betrag_Abrechnung_Kunde`, `69_KostenBahnFlug`, `69_KmDirekt`, `69_KZ_SameDay`, Betrag_Importkosten, Betrag_Importkosten_best, Betrag_Exportkosten, Betrag_Exportkosten_best, Sondervereinbarung, Importkosten, ExportkostenPU, RechnungsNr, OrtDX, frueheste_zustellzeit, UploadStatus, SendStatus, SdgArt, IDSdgArt, RueckDate, ClearingArtMaster, ZoneS, Locking, SdgType, SdgStatus, ROrderID, EBOrderID, EXAuftragsIDRef, FirmaS3, FirmaD3, product_spec, BagBelegNrA, BagIDNrA, PlombenNrA, GLSKdnr, xc_ex_orderid, AbrechnungKunde, EmpfName, BetragAbrechnungKunde, KostenBahnFlug, KmDirekt, KZSameday, disponiert, sendstatus2, pickup_longitude, pickup_latitude, delivery_longitude, delivery_latitude) VALUES (21738065650, '100_021738065650', null, 10050226966, 100, 100, null, 100, 100, 100, 0, '2017-10-17 10:00:12', null, null, null, '1899-12-30 08:00:00', '1899-12-30 12:00:00', '2017-10-18 00:00:00', null, null, null, '2017-10-17 09:59:27', 0, 'DER KURIER GmbH & Co. KG', 'Zentralumschlag', 'DE', '36285', 'Neuenstein', 'Dörrwiese', '2', null, '0049-6677-950', '0049-6677-9559', 'Wortreich Bad Hersfeld', null, 'DE', '36251', 'Bad Hersfeld', 'Benno-Schilde-Platz', '1', null, null, null, 1, 1, 0, null, null, 'Dienstag', 1, 1, 'Mittwoch', null, null, '1', null, null, null, null, 0, null, 0, '2017-10-17 00:00:00', null, null, null, 8, 8, 68419584, null, 64, null, null, null, null, null, '1899-12-30 09:57:00', '1899-12-30 17:00:00', null, null, null, null, null, ' NUR VERPACKUNGSRÜCKFÜHRUNG NUR VERPACKUNGSRÜCKFÜHRUNG', null, 3, 'A', '0', 'A', '0', null, null, null, null, 0, null, 0, null, null, null, null, 'NLeoOnAvis100', null, null, 0, 0, null, 0, null, 0, null, null, 'X', 'S', 21738065652, 21738065651, '100_021738065650', null, null, null, null, null, null, 0, null, null, null, 0, null, 0, null, 0, 0, 0, 0, 0, 0);
INSERT INTO tblauftrag (OrderID, AuftragsID, GKNr, Belegnummer, DepotNrED, DepotNrAbD, DepotNrbev, DepotNrAD, DepotNrZD, DepotNrLD, lockflag, dtCreateAD, dtSendAD2Z, dtReceiveZ2ZD, dtModifyZD, dtTermin_von, dtTermin, dtAuslieferung, dtAuslieferDatum, dtAuslieferZeit, Empfaenger, Timestamp, KDNR, FirmaS, FirmaS2, LandS, PLZS, OrtS, StrasseS, StrNrS, TelefonVWS, TelefonNrS, TelefaxNrS, FirmaD, FirmaD2, LandD, PLZD, OrtD, StrasseD, StrNrD, TelefonVWD, TelefonNrD, TelefaxNrD, GewichtGesamt, ColliesGesamt, PreisNN, DatumNN, erhaltenNN, Feiertag_1, FeiertagShlD, FeiertagShlS, Feiertag_2, ClearingDate, ClearingDateMaster, Satzart, Referenz, Referenz2, Adr_Nr_Absender, Adr_Nr_Empfaenger, Wert, Nachnahmebetrag, Versicherungswert, Verladedatum, Lieferdatum, Lieferzeit_von, Lieferzeit_bis, KZ_Fahrzeug, KZ_Transportart, Service, Sendungsstatus, KZ_erweitert, Information1, Information2, Inhalt, Frei4, Frei5, Verladezeit_von, Verladezeit_bis, Besteller_Name, Ladelisten_Nummer, CR, FahrerNr, d, Info_Rollkarte, Info_Intern, termin_i, Zone, Insel, Zonea, Insela, `69_Betrag_Abrechnung_Kunde`, `69_KostenBahnFlug`, `69_KmDirekt`, `69_KZ_SameDay`, Betrag_Importkosten, Betrag_Importkosten_best, Betrag_Exportkosten, Betrag_Exportkosten_best, Sondervereinbarung, Importkosten, ExportkostenPU, RechnungsNr, OrtDX, frueheste_zustellzeit, UploadStatus, SendStatus, SdgArt, IDSdgArt, RueckDate, ClearingArtMaster, ZoneS, Locking, SdgType, SdgStatus, ROrderID, EBOrderID, EXAuftragsIDRef, FirmaS3, FirmaD3, product_spec, BagBelegNrA, BagIDNrA, PlombenNrA, GLSKdnr, xc_ex_orderid, AbrechnungKunde, EmpfName, BetragAbrechnungKunde, KostenBahnFlug, KmDirekt, KZSameday, disponiert, sendstatus2, pickup_longitude, pickup_latitude, delivery_longitude, delivery_latitude) VALUES (21738065654, '100_021738065654', null, 10050226969, 100, 100, null, 100, 100, 100, 0, '2017-10-17 10:03:47', null, null, null, '1899-12-30 09:00:00', '1899-12-30 17:00:00', '2017-10-18 00:00:00', null, null, null, '2017-10-17 10:03:01', 0, 'DER KURIER GmbH & Co. KG', 'Zentralumschlag', 'DE', '36285', 'Neuenstein', 'Dörrwiese', '2', null, '0049-6677-950', '0049-6677-9559', 'Max Mustermann', null, 'DE', '34123', 'Kassel', 'Musterstrasse', '11', null, null, null, 1, 1, 0, null, null, 'Dienstag', 1, 1, 'Mittwoch', null, null, '1', null, null, null, null, 0, null, 0, '2017-10-17 00:00:00', null, null, null, 8, 8, 536870912, null, 64, null, null, null, null, null, '1899-12-30 10:02:00', '1899-12-30 17:00:00', null, null, null, null, null, null, null, 1, 'A', '0', 'A', '0', null, null, null, null, 0, null, 0, null, null, null, null, 'NLeoOnAvis100', null, null, 0, 0, null, 0, null, 0, null, null, 'S', 'S', 0, null, null, null, null, null, null, null, null, 0, null, null, null, 0, null, 0, null, 0, 0, 0, 0, 0, 0);
INSERT INTO tblauftrag (OrderID, AuftragsID, GKNr, Belegnummer, DepotNrED, DepotNrAbD, DepotNrbev, DepotNrAD, DepotNrZD, DepotNrLD, lockflag, dtCreateAD, dtSendAD2Z, dtReceiveZ2ZD, dtModifyZD, dtTermin_von, dtTermin, dtAuslieferung, dtAuslieferDatum, dtAuslieferZeit, Empfaenger, Timestamp, KDNR, FirmaS, FirmaS2, LandS, PLZS, OrtS, StrasseS, StrNrS, TelefonVWS, TelefonNrS, TelefaxNrS, FirmaD, FirmaD2, LandD, PLZD, OrtD, StrasseD, StrNrD, TelefonVWD, TelefonNrD, TelefaxNrD, GewichtGesamt, ColliesGesamt, PreisNN, DatumNN, erhaltenNN, Feiertag_1, FeiertagShlD, FeiertagShlS, Feiertag_2, ClearingDate, ClearingDateMaster, Satzart, Referenz, Referenz2, Adr_Nr_Absender, Adr_Nr_Empfaenger, Wert, Nachnahmebetrag, Versicherungswert, Verladedatum, Lieferdatum, Lieferzeit_von, Lieferzeit_bis, KZ_Fahrzeug, KZ_Transportart, Service, Sendungsstatus, KZ_erweitert, Information1, Information2, Inhalt, Frei4, Frei5, Verladezeit_von, Verladezeit_bis, Besteller_Name, Ladelisten_Nummer, CR, FahrerNr, d, Info_Rollkarte, Info_Intern, termin_i, Zone, Insel, Zonea, Insela, `69_Betrag_Abrechnung_Kunde`, `69_KostenBahnFlug`, `69_KmDirekt`, `69_KZ_SameDay`, Betrag_Importkosten, Betrag_Importkosten_best, Betrag_Exportkosten, Betrag_Exportkosten_best, Sondervereinbarung, Importkosten, ExportkostenPU, RechnungsNr, OrtDX, frueheste_zustellzeit, UploadStatus, SendStatus, SdgArt, IDSdgArt, RueckDate, ClearingArtMaster, ZoneS, Locking, SdgType, SdgStatus, ROrderID, EBOrderID, EXAuftragsIDRef, FirmaS3, FirmaD3, product_spec, BagBelegNrA, BagIDNrA, PlombenNrA, GLSKdnr, xc_ex_orderid, AbrechnungKunde, EmpfName, BetragAbrechnungKunde, KostenBahnFlug, KmDirekt, KZSameday, disponiert, sendstatus2, pickup_longitude, pickup_latitude, delivery_longitude, delivery_latitude) VALUES (21738065644, '100_021738065644', null, 10050226960, 100, 100, null, 100, 100, 100, 0, '2017-10-17 09:45:18', null, null, null, '1899-12-30 09:00:00', '1899-12-30 17:00:00', '2017-10-18 00:00:00', null, null, null, '2017-10-17 09:44:33', 0, 'DER KURIER GmbH & Co. KG', 'Zentralumschlag', 'DE', '36285', 'Neuenstein', 'Dörrwiese', '2', null, '0049-6677-950', '0049-6677-9559', 'Kurbad-Therme', null, 'DE', '36251', 'Bad Hersfeld', 'Am Kurpark', '10', null, null, null, 17, 1, 0, null, null, 'Dienstag', 1, 1, 'Mittwoch', null, null, '1', null, null, null, null, 0, null, 0, '2017-10-17 00:00:00', null, null, null, 8, 8, 16777248, null, 64, null, null, null, null, null, '1899-12-30 09:43:00', '1899-12-30 17:00:00', null, null, null, null, null, null, null, 1, 'A', '0', 'A', '0', null, null, null, null, 0, null, 0, null, null, null, null, 'NLeoOnAvis100', null, null, 0, 0, null, 0, null, 0, null, null, 'S', 'S', 0, 21738065645, '100_021738065644', null, null, null, null, null, null, 0, null, null, null, 0, null, 0, null, 0, 0, 0, 0, 0, 0);
INSERT INTO tblauftrag (OrderID, AuftragsID, GKNr, Belegnummer, DepotNrED, DepotNrAbD, DepotNrbev, DepotNrAD, DepotNrZD, DepotNrLD, lockflag, dtCreateAD, dtSendAD2Z, dtReceiveZ2ZD, dtModifyZD, dtTermin_von, dtTermin, dtAuslieferung, dtAuslieferDatum, dtAuslieferZeit, Empfaenger, Timestamp, KDNR, FirmaS, FirmaS2, LandS, PLZS, OrtS, StrasseS, StrNrS, TelefonVWS, TelefonNrS, TelefaxNrS, FirmaD, FirmaD2, LandD, PLZD, OrtD, StrasseD, StrNrD, TelefonVWD, TelefonNrD, TelefaxNrD, GewichtGesamt, ColliesGesamt, PreisNN, DatumNN, erhaltenNN, Feiertag_1, FeiertagShlD, FeiertagShlS, Feiertag_2, ClearingDate, ClearingDateMaster, Satzart, Referenz, Referenz2, Adr_Nr_Absender, Adr_Nr_Empfaenger, Wert, Nachnahmebetrag, Versicherungswert, Verladedatum, Lieferdatum, Lieferzeit_von, Lieferzeit_bis, KZ_Fahrzeug, KZ_Transportart, Service, Sendungsstatus, KZ_erweitert, Information1, Information2, Inhalt, Frei4, Frei5, Verladezeit_von, Verladezeit_bis, Besteller_Name, Ladelisten_Nummer, CR, FahrerNr, d, Info_Rollkarte, Info_Intern, termin_i, Zone, Insel, Zonea, Insela, `69_Betrag_Abrechnung_Kunde`, `69_KostenBahnFlug`, `69_KmDirekt`, `69_KZ_SameDay`, Betrag_Importkosten, Betrag_Importkosten_best, Betrag_Exportkosten, Betrag_Exportkosten_best, Sondervereinbarung, Importkosten, ExportkostenPU, RechnungsNr, OrtDX, frueheste_zustellzeit, UploadStatus, SendStatus, SdgArt, IDSdgArt, RueckDate, ClearingArtMaster, ZoneS, Locking, SdgType, SdgStatus, ROrderID, EBOrderID, EXAuftragsIDRef, FirmaS3, FirmaD3, product_spec, BagBelegNrA, BagIDNrA, PlombenNrA, GLSKdnr, xc_ex_orderid, AbrechnungKunde, EmpfName, BetragAbrechnungKunde, KostenBahnFlug, KmDirekt, KZSameday, disponiert, sendstatus2, pickup_longitude, pickup_latitude, delivery_longitude, delivery_latitude) VALUES (21738065647, '100_021738065647', null, 10050226964, 100, 100, null, 100, 100, 100, 0, '2017-10-17 09:49:40', null, null, null, '1899-12-30 09:00:00', '1899-12-30 17:00:00', '2017-10-18 00:00:00', null, null, null, '2017-10-17 09:48:55', 0, 'DER KURIER GmbH & Co. KG', 'Zentralumschlag', 'DE', '36285', 'Neuenstein', 'Dörrwiese', '2', null, '0049-6677-950', '0049-6677-9559', 'DER KURIER GmbH & Co. KG', 'IT alte Scanner zurück!', 'DE', '36285', 'Neuenstein', 'Dörrwiese', '2', null, '0049-6677-950', '0049-6677-9559', 7, 1, 0, null, null, 'Dienstag', 1, 1, 'Mittwoch', null, null, '1', null, null, null, null, 0, null, 0, '2017-10-17 00:00:00', null, null, null, 8, 8, 4194304, null, 0, null, null, null, null, null, '1899-12-30 09:47:00', '1899-12-30 17:00:00', null, null, null, null, null, null, null, 1, 'A', '0', 'A', '0', null, null, null, null, 0, null, 0, null, null, null, null, 'NLeoOnAvis100', null, null, 0, 0, null, 0, null, 0, null, null, 'S', 'S', 0, null, null, null, null, null, null, null, null, 0, null, null, null, 0, null, 0, null, 0, 0, 0, 0, 0, 0);

INSERT INTO tblauftragcollies (parcel_id, OrderID, CollieBelegNr, Laenge, Breite, Hoehe, GewichtReal, GewichtLBH, GewichtEffektiv, VerpackungsArt, Timestamp, Bemerkung, Sendungsnummer, Laufende_Nummer, Frei4, i_scan, Rollkartennummer, TourNr2, dtEingang2, dtEingangDepot2, dtAusgangDepot2, ueD2H2, nueD2H2, ueH2D2, nueH2D2, mydepotid2, Timestamp22, AuslieferDatum2, AuslieferZeit2, Empfaenger2, Verladelinie, dtEingangHup3, dtAusgangHup3, rKM, rkLR, RollkartennummerD, dtLagereingang, Beladelinie, LadelistennummerD, bmpFileName, mydepotabd, cReferenz, RUP, RUP_org, BagBelegNrC, BagIDNrC, PlombenNrC, BagBelegNrAbC, val_adr, lieferstatus, lieferfehler, erstlieferstatus, rollkartendat, erstlieferfehler, rkposition) VALUES (15655126, 21738065648, 10050226965, 10, 10, 2, 1, 0.03, 1, 4, '2017-10-17 10:11:12', '', '', null, null, 0, null, 99, null, null, null, null, null, null, null, 100, '2017-10-17 10:11:58', null, null, null, null, null, null, 0, null, 100800948, null, null, null, null, 100, null, null, null, null, null, null, null, null, 0, 0, 0, '2017-10-17 00:00:00', 0, 1);
INSERT INTO tblauftragcollies (parcel_id, OrderID, CollieBelegNr, Laenge, Breite, Hoehe, GewichtReal, GewichtLBH, GewichtEffektiv, VerpackungsArt, Timestamp, Bemerkung, Sendungsnummer, Laufende_Nummer, Frei4, i_scan, Rollkartennummer, TourNr2, dtEingang2, dtEingangDepot2, dtAusgangDepot2, ueD2H2, nueD2H2, ueH2D2, nueH2D2, mydepotid2, Timestamp22, AuslieferDatum2, AuslieferZeit2, Empfaenger2, Verladelinie, dtEingangHup3, dtAusgangHup3, rKM, rkLR, RollkartennummerD, dtLagereingang, Beladelinie, LadelistennummerD, bmpFileName, mydepotabd, cReferenz, RUP, RUP_org, BagBelegNrC, BagIDNrC, PlombenNrC, BagBelegNrAbC, val_adr, lieferstatus, lieferfehler, erstlieferstatus, rollkartendat, erstlieferfehler, rkposition) VALUES (15655123, 21738065646, 10050226961, 10, 10, 10, 2, 0.17, 2, 4, '2017-10-17 10:11:12', '', '', null, null, 0, null, 99, null, null, null, null, null, null, null, 100, '2017-10-17 10:11:58', null, null, null, null, null, null, 0, null, 100800948, null, null, null, null, 100, null, null, null, null, null, null, null, null, 0, 0, 0, '2017-10-17 00:00:00', 0, 2);
INSERT INTO tblauftragcollies (parcel_id, OrderID, CollieBelegNr, Laenge, Breite, Hoehe, GewichtReal, GewichtLBH, GewichtEffektiv, VerpackungsArt, Timestamp, Bemerkung, Sendungsnummer, Laufende_Nummer, Frei4, i_scan, Rollkartennummer, TourNr2, dtEingang2, dtEingangDepot2, dtAusgangDepot2, ueD2H2, nueD2H2, ueH2D2, nueH2D2, mydepotid2, Timestamp22, AuslieferDatum2, AuslieferZeit2, Empfaenger2, Verladelinie, dtEingangHup3, dtAusgangHup3, rKM, rkLR, RollkartennummerD, dtLagereingang, Beladelinie, LadelistennummerD, bmpFileName, mydepotabd, cReferenz, RUP, RUP_org, BagBelegNrC, BagIDNrC, PlombenNrC, BagBelegNrAbC, val_adr, lieferstatus, lieferfehler, erstlieferstatus, rollkartendat, erstlieferfehler, rkposition) VALUES (15655124, 21738065646, 10050226963, 10, 10, 15, 31, 0.25, 31, 4, '2017-10-17 10:11:12', '', '', null, null, 0, null, 99, null, null, null, null, null, null, null, 100, '2017-10-17 10:11:58', null, null, null, null, null, null, 0, null, 100800948, null, null, null, null, 100, null, null, null, null, null, null, null, null, 0, 0, 0, '2017-10-17 00:00:00', 0, 3);
INSERT INTO tblauftragcollies (parcel_id, OrderID, CollieBelegNr, Laenge, Breite, Hoehe, GewichtReal, GewichtLBH, GewichtEffektiv, VerpackungsArt, Timestamp, Bemerkung, Sendungsnummer, Laufende_Nummer, Frei4, i_scan, Rollkartennummer, TourNr2, dtEingang2, dtEingangDepot2, dtAusgangDepot2, ueD2H2, nueD2H2, ueH2D2, nueH2D2, mydepotid2, Timestamp22, AuslieferDatum2, AuslieferZeit2, Empfaenger2, Verladelinie, dtEingangHup3, dtAusgangHup3, rKM, rkLR, RollkartennummerD, dtLagereingang, Beladelinie, LadelistennummerD, bmpFileName, mydepotabd, cReferenz, RUP, RUP_org, BagBelegNrC, BagIDNrC, PlombenNrC, BagBelegNrAbC, val_adr, lieferstatus, lieferfehler, erstlieferstatus, rollkartendat, erstlieferfehler, rkposition) VALUES (15655129, 21738065653, 10050226968, 10, 10, 2, 2, 0.03, 2, 4, '2017-10-17 10:11:12', '', '', null, null, 0, null, 99, null, null, null, null, null, null, null, 100, '2017-10-17 10:11:58', null, null, null, null, null, null, 0, null, 100800948, null, null, null, null, 100, null, null, null, null, null, null, null, null, 0, 0, 0, '2017-10-17 00:00:00', 0, 4);
INSERT INTO tblauftragcollies (parcel_id, OrderID, CollieBelegNr, Laenge, Breite, Hoehe, GewichtReal, GewichtLBH, GewichtEffektiv, VerpackungsArt, Timestamp, Bemerkung, Sendungsnummer, Laufende_Nummer, Frei4, i_scan, Rollkartennummer, TourNr2, dtEingang2, dtEingangDepot2, dtAusgangDepot2, ueD2H2, nueD2H2, ueH2D2, nueH2D2, mydepotid2, Timestamp22, AuslieferDatum2, AuslieferZeit2, Empfaenger2, Verladelinie, dtEingangHup3, dtAusgangHup3, rKM, rkLR, RollkartennummerD, dtLagereingang, Beladelinie, LadelistennummerD, bmpFileName, mydepotabd, cReferenz, RUP, RUP_org, BagBelegNrC, BagIDNrC, PlombenNrC, BagBelegNrAbC, val_adr, lieferstatus, lieferfehler, erstlieferstatus, rollkartendat, erstlieferfehler, rkposition) VALUES (15655120, 21738065642, 10050226959, 20, 15, 10, 5, 0.5, 5, 4, '2017-10-17 10:11:12', '', '', null, null, 0, null, 99, null, null, null, null, null, null, null, 100, '2017-10-17 10:11:58', null, null, null, null, null, null, 0, null, 100800948, null, null, null, null, 100, null, null, null, null, null, null, null, null, 0, 0, 0, '2017-10-17 00:00:00', 0, 5);
INSERT INTO tblauftragcollies (parcel_id, OrderID, CollieBelegNr, Laenge, Breite, Hoehe, GewichtReal, GewichtLBH, GewichtEffektiv, VerpackungsArt, Timestamp, Bemerkung, Sendungsnummer, Laufende_Nummer, Frei4, i_scan, Rollkartennummer, TourNr2, dtEingang2, dtEingangDepot2, dtAusgangDepot2, ueD2H2, nueD2H2, ueH2D2, nueH2D2, mydepotid2, Timestamp22, AuslieferDatum2, AuslieferZeit2, Empfaenger2, Verladelinie, dtEingangHup3, dtAusgangHup3, rKM, rkLR, RollkartennummerD, dtLagereingang, Beladelinie, LadelistennummerD, bmpFileName, mydepotabd, cReferenz, RUP, RUP_org, BagBelegNrC, BagIDNrC, PlombenNrC, BagBelegNrAbC, val_adr, lieferstatus, lieferfehler, erstlieferstatus, rollkartendat, erstlieferfehler, rkposition) VALUES (15655127, 21738065650, 10050226966, 10, 10, 10, 1, 0.17, 1, 4, '2017-10-17 10:11:12', '', '', null, null, 0, null, 99, null, null, null, null, null, null, null, 100, '2017-10-17 10:11:59', null, null, null, null, null, null, 0, null, 100800948, null, null, null, null, 100, null, null, null, null, null, null, null, null, 0, 0, 0, '2017-10-17 00:00:00', 0, 6);
INSERT INTO tblauftragcollies (parcel_id, OrderID, CollieBelegNr, Laenge, Breite, Hoehe, GewichtReal, GewichtLBH, GewichtEffektiv, VerpackungsArt, Timestamp, Bemerkung, Sendungsnummer, Laufende_Nummer, Frei4, i_scan, Rollkartennummer, TourNr2, dtEingang2, dtEingangDepot2, dtAusgangDepot2, ueD2H2, nueD2H2, ueH2D2, nueH2D2, mydepotid2, Timestamp22, AuslieferDatum2, AuslieferZeit2, Empfaenger2, Verladelinie, dtEingangHup3, dtAusgangHup3, rKM, rkLR, RollkartennummerD, dtLagereingang, Beladelinie, LadelistennummerD, bmpFileName, mydepotabd, cReferenz, RUP, RUP_org, BagBelegNrC, BagIDNrC, PlombenNrC, BagBelegNrAbC, val_adr, lieferstatus, lieferfehler, erstlieferstatus, rollkartendat, erstlieferfehler, rkposition) VALUES (15655130, 21738065654, 10050226969, 10, 10, 10, 1, 0.17, 1, 4, '2017-10-17 10:11:12', '', '', null, null, 0, null, 99, null, null, null, null, null, null, null, 100, '2017-10-17 10:11:59', null, null, null, null, null, null, 0, null, 100800948, null, null, null, null, 100, null, null, null, null, null, null, null, null, 0, 0, 0, '2017-10-17 00:00:00', 0, 7);
INSERT INTO tblauftragcollies (parcel_id, OrderID, CollieBelegNr, Laenge, Breite, Hoehe, GewichtReal, GewichtLBH, GewichtEffektiv, VerpackungsArt, Timestamp, Bemerkung, Sendungsnummer, Laufende_Nummer, Frei4, i_scan, Rollkartennummer, TourNr2, dtEingang2, dtEingangDepot2, dtAusgangDepot2, ueD2H2, nueD2H2, ueH2D2, nueH2D2, mydepotid2, Timestamp22, AuslieferDatum2, AuslieferZeit2, Empfaenger2, Verladelinie, dtEingangHup3, dtAusgangHup3, rKM, rkLR, RollkartennummerD, dtLagereingang, Beladelinie, LadelistennummerD, bmpFileName, mydepotabd, cReferenz, RUP, RUP_org, BagBelegNrC, BagIDNrC, PlombenNrC, BagBelegNrAbC, val_adr, lieferstatus, lieferfehler, erstlieferstatus, rollkartendat, erstlieferfehler, rkposition) VALUES (15655121, 21738065644, 10050226960, 15, 50, 25, 17, 3.13, 17, 4, '2017-10-17 10:11:12', '', '', null, null, 0, null, 99, null, null, null, null, null, null, null, 100, '2017-10-17 10:11:59', null, null, null, null, null, null, 0, null, 100800948, null, null, null, null, 100, null, null, null, null, null, null, null, null, 0, 0, 0, '2017-10-17 00:00:00', 0, 8);
INSERT INTO tblauftragcollies (parcel_id, OrderID, CollieBelegNr, Laenge, Breite, Hoehe, GewichtReal, GewichtLBH, GewichtEffektiv, VerpackungsArt, Timestamp, Bemerkung, Sendungsnummer, Laufende_Nummer, Frei4, i_scan, Rollkartennummer, TourNr2, dtEingang2, dtEingangDepot2, dtAusgangDepot2, ueD2H2, nueD2H2, ueH2D2, nueH2D2, mydepotid2, Timestamp22, AuslieferDatum2, AuslieferZeit2, Empfaenger2, Verladelinie, dtEingangHup3, dtAusgangHup3, rKM, rkLR, RollkartennummerD, dtLagereingang, Beladelinie, LadelistennummerD, bmpFileName, mydepotabd, cReferenz, RUP, RUP_org, BagBelegNrC, BagIDNrC, PlombenNrC, BagBelegNrAbC, val_adr, lieferstatus, lieferfehler, erstlieferstatus, rollkartendat, erstlieferfehler, rkposition) VALUES (15655125, 21738065647, 10050226964, 12, 13, 0, 7, 0, 7, 0, '2017-10-17 10:11:13', '', '', null, null, 0, null, 99, null, null, null, null, null, null, null, 100, '2017-10-17 10:11:59', null, null, null, null, null, null, 0, null, 100800948, null, null, null, null, 100, null, null, null, null, null, null, null, null, 0, 0, 0, '2017-10-17 00:00:00', 0, 9);

INSERT INTO rkkopf (rollkartennummer, Timestamp, rollkartendatum, lieferdepot, druckzeit) VALUES (100800948, '2017-10-17 10:11:12', '2017-10-17 00:00:00', 100, '2017-10-17 10:11:58');

INSERT INTO rkdetails (rollkartennummer, Timestamp, OrderID, packstuecknummer, lieferdepot, reihenfolge, position, sortierung, tour, OrderPos, gewichtReal, rkservice, rknr_akt, firmad, firmad2, strassed, strnrd, landd, plzd, ortd, telefonnrd, sdgtype, sdgstatus, dttermin, dttermin_von, preisnn, info_rollkarte, dtauslieferung, lockflag, GLSBelegNr, GLSDataString) VALUES (100800948, '2017-10-17 10:11:12', 21738065648, 10050226965, 100, 1, 1, 1, 99, 1, 1, 0, 0, 'Gesamtschule Geistal', null, 'Geistalweg', '9', 'DE', '36251', 'Bad Hersfelfd', null, 'S', 'S', '1899-12-30 08:00:00', '1899-12-30 07:30:00', 0, '', '2017-10-18', 0, 'ZFLDIORY', 'ADE 555DE 80027652002291234567890ZFLDIORYEEB5        1MTZ000136251  01000001001100502269650          0000000000000000000000');
INSERT INTO rkdetails (rollkartennummer, Timestamp, OrderID, packstuecknummer, lieferdepot, reihenfolge, position, sortierung, tour, OrderPos, gewichtReal, rkservice, rknr_akt, firmad, firmad2, strassed, strnrd, landd, plzd, ortd, telefonnrd, sdgtype, sdgstatus, dttermin, dttermin_von, preisnn, info_rollkarte, dtauslieferung, lockflag, GLSBelegNr, GLSDataString) VALUES (100800948, '2017-10-17 10:11:12', 21738065646, 10050226961, 100, 2, 2, 1, 99, 1, 2, 0, 0, 'Aqua Fit', null, 'Kolpingstraße', '6', 'DE', '36251', 'Bad Hersfeld', null, 'S', 'S', '1899-12-30 09:00:00', '1899-12-30 08:00:00', 0, '', '2017-10-18', 0, 'ZFLDIORV', 'ADE 555DE 80027652002291234567890ZFLDIORVEEB6        1MTZ000136251  02000002001100502269612          0000000000000000000000');
INSERT INTO rkdetails (rollkartennummer, Timestamp, OrderID, packstuecknummer, lieferdepot, reihenfolge, position, sortierung, tour, OrderPos, gewichtReal, rkservice, rknr_akt, firmad, firmad2, strassed, strnrd, landd, plzd, ortd, telefonnrd, sdgtype, sdgstatus, dttermin, dttermin_von, preisnn, info_rollkarte, dtauslieferung, lockflag, GLSBelegNr, GLSDataString) VALUES (100800948, '2017-10-17 10:11:12', 21738065646, 10050226963, 100, 3, 2, 1, 99, 2, 31, 0, 0, 'Aqua Fit', null, 'Kolpingstraße', '6', 'DE', '36251', 'Bad Hersfeld', null, 'S', 'S', '1899-12-30 09:00:00', '1899-12-30 08:00:00', 0, '', '2017-10-18', 0, 'ZFLDIORW', 'ADE 555DE 80027652002291234567890ZFLDIORWEEB6        1MTZ000136251  31000002002100502269636          0000000000000000000000');
INSERT INTO rkdetails (rollkartennummer, Timestamp, OrderID, packstuecknummer, lieferdepot, reihenfolge, position, sortierung, tour, OrderPos, gewichtReal, rkservice, rknr_akt, firmad, firmad2, strassed, strnrd, landd, plzd, ortd, telefonnrd, sdgtype, sdgstatus, dttermin, dttermin_von, preisnn, info_rollkarte, dtauslieferung, lockflag, GLSBelegNr, GLSDataString) VALUES (100800948, '2017-10-17 10:11:12', 21738065653, 10050226968, 100, 4, 3, 1, 99, 1, 2, 0, 0, 'Konrad-Duden-Schule', null, 'Neumarkt', '33', 'DE', '36251', 'Bad Hersfeld', null, 'S', 'S', '1899-12-30 08:30:00', '1899-12-30 08:00:00', 0, '', '2017-10-18', 0, 'ZFLDIOS0', 'ADE 555DE 80027652002291234567890ZFLDIOS0EE          1MTZ000136251  02000001001100502269681;AS       0000000000000000000000');
INSERT INTO rkdetails (rollkartennummer, Timestamp, OrderID, packstuecknummer, lieferdepot, reihenfolge, position, sortierung, tour, OrderPos, gewichtReal, rkservice, rknr_akt, firmad, firmad2, strassed, strnrd, landd, plzd, ortd, telefonnrd, sdgtype, sdgstatus, dttermin, dttermin_von, preisnn, info_rollkarte, dtauslieferung, lockflag, GLSBelegNr, GLSDataString) VALUES (100800948, '2017-10-17 10:11:12', 21738065642, 10050226959, 100, 5, 4, 1, 99, 1, 5, 0, 0, 'Stadtmuseum Bad Hersfeld', null, 'Im Stift', '6a', 'DE', '36251', 'Bad Hersfeld', null, 'S', 'S', '1899-12-30 12:00:00', '1899-12-30 08:00:00', 46.33, '', '2017-10-18', 0, 'ZFLDIORT', 'ADE 555DE 80027652002291234567890ZFLDIORTEEa         1MTZ000136251  05000001001100502269599;AS       0000000000000000000000');
INSERT INTO rkdetails (rollkartennummer, Timestamp, OrderID, packstuecknummer, lieferdepot, reihenfolge, position, sortierung, tour, OrderPos, gewichtReal, rkservice, rknr_akt, firmad, firmad2, strassed, strnrd, landd, plzd, ortd, telefonnrd, sdgtype, sdgstatus, dttermin, dttermin_von, preisnn, info_rollkarte, dtauslieferung, lockflag, GLSBelegNr, GLSDataString) VALUES (100800948, '2017-10-17 10:11:12', 21738065650, 10050226966, 100, 6, 5, 1, 99, 1, 1, 1048576, 0, 'Wortreich Bad Hersfeld', null, 'Benno-Schilde-Platz', '1', 'DE', '36251', 'Bad Hersfeld', null, 'X', 'S', '1899-12-30 12:00:00', '1899-12-30 08:00:00', 0, ' NUR VERPACKUNGSRÜCKFÜHRUNG NUR VERPACKUNGSRÜCKFÜHRUNG', '2017-10-18', 0, 'ZFLDIORZ', 'ADE 555DE 80027652002291234567890ZFLDIORZEEa         1MTZ000136251  01000001001100502269667;AS       0000000000000000000000');
INSERT INTO rkdetails (rollkartennummer, Timestamp, OrderID, packstuecknummer, lieferdepot, reihenfolge, position, sortierung, tour, OrderPos, gewichtReal, rkservice, rknr_akt, firmad, firmad2, strassed, strnrd, landd, plzd, ortd, telefonnrd, sdgtype, sdgstatus, dttermin, dttermin_von, preisnn, info_rollkarte, dtauslieferung, lockflag, GLSBelegNr, GLSDataString) VALUES (100800948, '2017-10-17 10:11:12', 21738065654, 10050226969, 100, 7, 6, 1, 99, 1, 1, 0, 0, 'Max Mustermann', null, 'Musterstrasse', '11', 'DE', '34123', 'Kassel', null, 'S', 'S', '1899-12-30 17:00:00', '1899-12-30 09:00:00', 0, '', '2017-10-18', 0, 'ZFLDIOS1', 'ADE 555DE 80027652002291234567890ZFLDIOS1EEBl        1MTZ000134123  01000001001100502269698          0000000000000000000000');
INSERT INTO rkdetails (rollkartennummer, Timestamp, OrderID, packstuecknummer, lieferdepot, reihenfolge, position, sortierung, tour, OrderPos, gewichtReal, rkservice, rknr_akt, firmad, firmad2, strassed, strnrd, landd, plzd, ortd, telefonnrd, sdgtype, sdgstatus, dttermin, dttermin_von, preisnn, info_rollkarte, dtauslieferung, lockflag, GLSBelegNr, GLSDataString) VALUES (100800948, '2017-10-17 10:11:12', 21738065644, 10050226960, 100, 8, 7, 1, 99, 1, 17, 32, 0, 'Kurbad-Therme', null, 'Am Kurpark', '10', 'DE', '36251', 'Bad Hersfeld', null, 'S', 'S', '1899-12-30 17:00:00', '1899-12-30 09:00:00', 0, '', '2017-10-18', 0, 'ZFLDIORU', 'ADE 555DE 80027652002291234567890ZFLDIORUEEl         1MTZ000136251  17000001001100502269605;AS       0000000000000000000000');
INSERT INTO rkdetails (rollkartennummer, Timestamp, OrderID, packstuecknummer, lieferdepot, reihenfolge, position, sortierung, tour, OrderPos, gewichtReal, rkservice, rknr_akt, firmad, firmad2, strassed, strnrd, landd, plzd, ortd, telefonnrd, sdgtype, sdgstatus, dttermin, dttermin_von, preisnn, info_rollkarte, dtauslieferung, lockflag, GLSBelegNr, GLSDataString) VALUES (100800948, '2017-10-17 10:11:13', 21738065647, 10050226964, 100, 9, 8, 1, 99, 1, 7, 0, 0, 'DER KURIER GmbH & Co. KG', 'IT alte Scanner zurück!', 'Dörrwiese', '2', 'DE', '36285', 'Neuenstein', '0049-6677-950', 'S', 'S', '1899-12-30 17:00:00', '1899-12-30 09:00:00', 0, '', '2017-10-18', 0, 'ZFLDIORX', 'ADE 555DE 80027652002291234567890ZFLDIORXEEl         1MTZ000136285  07000001001100502269643          0000000000000000000000');