id,rollkartennummer,Timestamp,rollkartendatum,lieferdepot,druckzeit,sync_id,to_synchronize,debitor_id
930839,310919892,"2018-01-13 06:52:48","2018-01-13 00:00:00",310,"2018-01-13 06:52:47",53126,1,1192
930482,310919545,"2018-01-13 04:51:05","2018-01-13 00:00:00",310,"2018-01-13 04:51:05",52769,1,1192
930481,310919544,"2018-01-13 04:51:05","2018-01-13 00:00:00",310,"2018-01-13 04:51:04",52768,1,1192
930480,310919543,"2018-01-13 04:51:04","2018-01-13 00:00:00",310,"2018-01-13 04:51:03",52767,1,1192
930479,310919542,"2018-01-13 04:51:04","2018-01-13 00:00:00",310,"2018-01-13 04:51:03",52766,1,1192
930478,310919541,"2018-01-13 04:51:01","2018-01-13 00:00:00",310,"2018-01-13 04:51:00",52765,1,1192
930477,310919540,"2018-01-13 04:51:00","2018-01-13 00:00:00",310,"2018-01-13 04:51:00",52764,1,1192
930476,310919539,"2018-01-13 04:51:00","2018-01-13 00:00:00",310,"2018-01-13 04:51:00",52763,1,1192
930475,310919538,"2018-01-13 04:51:00","2018-01-13 00:00:00",310,"2018-01-13 04:51:00",52762,1,1192
930474,310919537,"2018-01-13 04:51:00","2018-01-13 00:00:00",310,"2018-01-13 04:51:00",52761,1,1192
930473,310919536,"2018-01-13 04:51:00","2018-01-13 00:00:00",310,"2018-01-13 04:51:00",52760,1,1192
930472,310919535,"2018-01-13 04:51:00","2018-01-13 00:00:00",310,"2018-01-13 04:50:59",52759,1,1192
930275,310919326,"2018-01-12 14:33:19","2018-01-12 00:00:00",310,"2018-01-12 14:33:19",52562,1,1192
930274,310919325,"2018-01-12 14:30:05","2018-01-12 00:00:00",310,"2018-01-12 14:30:05",52561,1,1192
930264,310919316,"2018-01-12 13:01:35","2018-01-12 00:00:00",310,"2018-01-12 13:01:35",52551,1,1192
930263,310919315,"2018-01-12 12:50:55","2018-01-12 00:00:00",310,"2018-01-12 12:50:55",52550,1,1192
929442,310918582,"2018-01-12 06:01:40","2018-01-12 00:00:00",310,"2018-01-12 06:01:40",51729,1,1192
929403,310918555,"2018-01-12 05:49:03","2018-01-12 00:00:00",310,"2018-01-12 05:49:02",51690,1,1192
929227,310918392,"2018-01-12 05:18:50","2018-01-12 00:00:00",310,"2018-01-12 05:18:49",51514,1,1192
929224,310918389,"2018-01-12 05:17:59","2018-01-12 00:00:00",310,"2018-01-12 05:17:59",51511,1,1192
929222,310918387,"2018-01-12 05:17:39","2018-01-12 00:00:00",310,"2018-01-12 05:17:39",51509,1,1192
929150,310918302,"2018-01-12 04:52:19","2018-01-12 00:00:00",310,"2018-01-12 04:52:19",51437,1,1192
929148,310918301,"2018-01-12 04:51:58","2018-01-12 00:00:00",310,"2018-01-12 04:51:57",51435,1,1192
929147,310918300,"2018-01-12 04:51:57","2018-01-12 00:00:00",310,"2018-01-12 04:51:57",51434,1,1192
929146,310918299,"2018-01-12 04:51:54","2018-01-12 00:00:00",310,"2018-01-12 04:51:54",51433,1,1192
929145,310918298,"2018-01-12 04:51:54","2018-01-12 00:00:00",310,"2018-01-12 04:51:54",51432,1,1192
929144,310918297,"2018-01-12 04:51:53","2018-01-12 00:00:00",310,"2018-01-12 04:51:53",51431,1,1192
929143,310918296,"2018-01-12 04:51:53","2018-01-12 00:00:00",310,"2018-01-12 04:51:53",51430,1,1192
929142,310918295,"2018-01-12 04:51:53","2018-01-12 00:00:00",310,"2018-01-12 04:51:53",51429,1,1192
929141,310918294,"2018-01-12 04:51:53","2018-01-12 00:00:00",310,"2018-01-12 04:51:53",51428,1,1192
929140,310918293,"2018-01-12 04:51:53","2018-01-12 00:00:00",310,"2018-01-12 04:51:53",51427,1,1192
929139,310918292,"2018-01-12 04:51:53","2018-01-12 00:00:00",310,"2018-01-12 04:51:53",51426,1,1192
929138,310918291,"2018-01-12 04:51:53","2018-01-12 00:00:00",310,"2018-01-12 04:51:53",51425,1,1192
928906,310918069,"2018-01-11 12:00:07","2018-01-11 00:00:00",310,"2018-01-11 12:00:07",51193,1,1192
928898,310918063,"2018-01-11 10:35:02","2018-01-11 00:00:00",310,"2018-01-11 10:35:02",51185,1,1192
927964,310917250,"2018-01-11 05:18:57","2018-01-11 00:00:00",310,"2018-01-11 05:18:57",50251,1,1192
927925,310917198,"2018-01-11 05:14:48","2018-01-11 00:00:00",310,"2018-01-11 05:14:47",50212,1,1192
927924,310917196,"2018-01-11 05:14:02","2018-01-11 00:00:00",310,"2018-01-11 05:14:01",50211,1,1192
927918,310917187,"2018-01-11 05:12:46","2018-01-11 00:00:00",310,"2018-01-11 05:12:46",50205,1,1192
927914,310917183,"2018-01-11 05:11:05","2018-01-11 00:00:00",310,"2018-01-11 05:11:04",50201,1,1192
927846,310917112,"2018-01-11 04:48:19","2018-01-11 00:00:00",310,"2018-01-11 04:48:19",50133,1,1192
927845,310917111,"2018-01-11 04:48:11","2018-01-11 00:00:00",310,"2018-01-11 04:48:11",50132,1,1192
927844,310917110,"2018-01-11 04:48:11","2018-01-11 00:00:00",310,"2018-01-11 04:48:11",50131,1,1192
927843,310917109,"2018-01-11 04:48:10","2018-01-11 00:00:00",310,"2018-01-11 04:48:10",50130,1,1192
927842,310917108,"2018-01-11 04:48:10","2018-01-11 00:00:00",310,"2018-01-11 04:48:10",50129,1,1192
927841,310917107,"2018-01-11 04:48:10","2018-01-11 00:00:00",310,"2018-01-11 04:48:10",50128,1,1192
927840,310917106,"2018-01-11 04:48:10","2018-01-11 00:00:00",310,"2018-01-11 04:48:09",50127,1,1192
927839,310917105,"2018-01-11 04:48:09","2018-01-11 00:00:00",310,"2018-01-11 04:48:09",50126,1,1192
927838,310917104,"2018-01-11 04:48:09","2018-01-11 00:00:00",310,"2018-01-11 04:48:09",50125,1,1192
927837,310917103,"2018-01-11 04:48:09","2018-01-11 00:00:00",310,"2018-01-11 04:48:09",50124,1,1192
927836,310917102,"2018-01-11 04:48:09","2018-01-11 00:00:00",310,"2018-01-11 04:48:09",50123,1,1192
927835,310917101,"2018-01-11 04:48:09","2018-01-11 00:00:00",310,"2018-01-11 04:48:09",50122,1,1192
927645,310916916,"2018-01-10 17:09:43","2018-01-10 00:00:00",310,"2018-01-10 17:09:43",49932,1,1192
927639,310916911,"2018-01-10 15:36:38","2018-01-10 00:00:00",310,"2018-01-10 15:36:38",49926,1,1192
927179,310916472,"2018-01-10 06:41:46","2018-01-10 00:00:00",310,"2018-01-10 06:41:46",49466,1,1192
926782,310916167,"2018-01-10 05:47:04","2018-01-10 00:00:00",310,"2018-01-10 05:47:05",49069,1,1192
926750,310916139,"2018-01-10 05:42:38","2018-01-10 00:00:00",310,"2018-01-10 05:42:38",49037,1,1192
926749,310916136,"2018-01-10 05:42:09","2018-01-10 00:00:00",310,"2018-01-10 05:42:09",49036,1,1192
926562,310915943,"2018-01-10 04:54:04","2018-01-10 00:00:00",310,"2018-01-10 04:54:05",48849,1,1192
926561,310915942,"2018-01-10 04:54:03","2018-01-10 00:00:00",310,"2018-01-10 04:54:04",48848,1,1192
926560,310915941,"2018-01-10 04:54:02","2018-01-10 00:00:00",310,"2018-01-10 04:54:02",48847,1,1192
926559,310915940,"2018-01-10 04:54:02","2018-01-10 00:00:00",310,"2018-01-10 04:54:02",48846,1,1192
926558,310915939,"2018-01-10 04:54:00","2018-01-10 00:00:00",310,"2018-01-10 04:54:01",48845,1,1192
926557,310915938,"2018-01-10 04:54:00","2018-01-10 00:00:00",310,"2018-01-10 04:54:00",48844,1,1192
926556,310915937,"2018-01-10 04:54:00","2018-01-10 00:00:00",310,"2018-01-10 04:54:00",48843,1,1192
926555,310915936,"2018-01-10 04:54:00","2018-01-10 00:00:00",310,"2018-01-10 04:54:00",48842,1,1192
926554,310915935,"2018-01-10 04:54:00","2018-01-10 00:00:00",310,"2018-01-10 04:54:00",48841,1,1192
926553,310915934,"2018-01-10 04:53:59","2018-01-10 00:00:00",310,"2018-01-10 04:54:00",48840,1,1192
926552,310915933,"2018-01-10 04:53:59","2018-01-10 00:00:00",310,"2018-01-10 04:54:00",48839,1,1192
926551,310915932,"2018-01-10 04:53:59","2018-01-10 00:00:00",310,"2018-01-10 04:53:59",48838,1,1192
926289,310915683,"2018-01-09 12:33:44","2018-01-09 00:00:00",310,"2018-01-09 12:33:44",48576,1,1192
926288,310915682,"2018-01-09 12:01:01","2018-01-09 00:00:00",310,"2018-01-09 12:01:01",48575,1,1192
926262,310915657,"2018-01-09 09:37:46","2018-01-09 00:00:00",310,"2018-01-09 09:37:45",48549,1,1192
925940,310915393,"2018-01-09 06:44:22","2018-01-09 00:00:00",310,"2018-01-09 06:44:22",48227,1,1192
925326,310914806,"2018-01-09 05:15:18","2018-01-09 00:00:00",310,"2018-01-09 05:15:17",47613,1,1192
925325,310914811,"2018-01-09 05:15:10","2018-01-09 00:00:00",310,"2018-01-09 05:15:10",47612,1,1192
925324,310914818,"2018-01-09 05:14:59","2018-01-09 00:00:00",310,"2018-01-09 05:14:59",47611,1,1192
925238,310914736,"2018-01-09 04:46:46","2018-01-09 00:00:00",310,"2018-01-09 04:46:46",47525,1,1192
925237,310914735,"2018-01-09 04:46:41","2018-01-09 00:00:00",310,"2018-01-09 04:46:41",47524,1,1192
925236,310914734,"2018-01-09 04:46:40","2018-01-09 00:00:00",310,"2018-01-09 04:46:40",47523,1,1192
925235,310914733,"2018-01-09 04:46:39","2018-01-09 00:00:00",310,"2018-01-09 04:46:39",47522,1,1192
925234,310914732,"2018-01-09 04:46:38","2018-01-09 00:00:00",310,"2018-01-09 04:46:38",47521,1,1192
925233,310914731,"2018-01-09 04:46:38","2018-01-09 00:00:00",310,"2018-01-09 04:46:37",47520,1,1192
925232,310914730,"2018-01-09 04:46:37","2018-01-09 00:00:00",310,"2018-01-09 04:46:37",47519,1,1192
925231,310914729,"2018-01-09 04:46:37","2018-01-09 00:00:00",310,"2018-01-09 04:46:37",47518,1,1192
925230,310914728,"2018-01-09 04:46:37","2018-01-09 00:00:00",310,"2018-01-09 04:46:37",47517,1,1192
925229,310914727,"2018-01-09 04:46:37","2018-01-09 00:00:00",310,"2018-01-09 04:46:37",47516,1,1192
925228,310914726,"2018-01-09 04:46:37","2018-01-09 00:00:00",310,"2018-01-09 04:46:37",47515,1,1192
925227,310914725,"2018-01-09 04:46:37","2018-01-09 00:00:00",310,"2018-01-09 04:46:37",47514,1,1192
925009,310914518,"2018-01-08 14:16:42","2018-01-08 00:00:00",310,"2018-01-08 14:16:42",47296,1,1192
924722,310914259,"2018-01-08 06:29:04","2018-01-08 00:00:00",310,"2018-01-08 06:29:04",47009,1,1192
924493,310914045,"2018-01-08 05:15:46","2018-01-08 00:00:00",310,"2018-01-08 05:15:46",46780,1,1192
924475,310914036,"2018-01-08 05:07:38","2018-01-08 00:00:00",310,"2018-01-08 05:07:38",46762,1,1192
924474,310914035,"2018-01-08 05:06:59","2018-01-08 00:00:00",310,"2018-01-08 05:06:59",46761,1,1192
924473,310914033,"2018-01-08 05:06:18","2018-01-08 00:00:00",310,"2018-01-08 05:06:18",46760,1,1192
924470,310914030,"2018-01-08 05:05:02","2018-01-08 00:00:00",310,"2018-01-08 05:05:02",46757,1,1192
924454,310914014,"2018-01-08 04:55:26","2018-01-08 00:00:00",310,"2018-01-08 04:55:26",46741,1,1192
924453,310914013,"2018-01-08 04:55:21","2018-01-08 00:00:00",310,"2018-01-08 04:55:21",46740,1,1192
924452,310914012,"2018-01-08 04:55:20","2018-01-08 00:00:00",310,"2018-01-08 04:55:20",46739,1,1192
924451,310914011,"2018-01-08 04:55:19","2018-01-08 00:00:00",310,"2018-01-08 04:55:19",46738,1,1192
924450,310914010,"2018-01-08 04:55:19","2018-01-08 00:00:00",310,"2018-01-08 04:55:19",46737,1,1192
924449,310914009,"2018-01-08 04:55:18","2018-01-08 00:00:00",310,"2018-01-08 04:55:18",46736,1,1192
924448,310914008,"2018-01-08 04:55:18","2018-01-08 00:00:00",310,"2018-01-08 04:55:18",46735,1,1192
924447,310914007,"2018-01-08 04:55:18","2018-01-08 00:00:00",310,"2018-01-08 04:55:17",46734,1,1192
924446,310914006,"2018-01-08 04:55:17","2018-01-08 00:00:00",310,"2018-01-08 04:55:17",46733,1,1192
924445,310914005,"2018-01-08 04:55:17","2018-01-08 00:00:00",310,"2018-01-08 04:55:17",46732,1,1192
924444,310914004,"2018-01-08 04:55:17","2018-01-08 00:00:00",310,"2018-01-08 04:55:17",46731,1,1192
924443,310914003,"2018-01-08 04:55:17","2018-01-08 00:00:00",310,"2018-01-08 04:55:17",46730,1,1192
924287,310913824,"2018-01-06 13:01:01","2018-01-06 00:00:00",310,"2018-01-06 13:01:01",46574,1,1192
923654,310913216,"2018-01-06 05:03:16","2018-01-06 00:00:00",310,"2018-01-06 05:03:16",45941,1,1192
923653,310913215,"2018-01-06 05:03:14","2018-01-06 00:00:00",310,"2018-01-06 05:03:14",45940,1,1192
923652,310913214,"2018-01-06 05:03:13","2018-01-06 00:00:00",310,"2018-01-06 05:03:13",45939,1,1192
923651,310913213,"2018-01-06 05:03:13","2018-01-06 00:00:00",310,"2018-01-06 05:03:12",45938,1,1192
923650,310913212,"2018-01-06 05:03:12","2018-01-06 00:00:00",310,"2018-01-06 05:03:12",45937,1,1192
923649,310913211,"2018-01-06 05:03:12","2018-01-06 00:00:00",310,"2018-01-06 05:03:12",45936,1,1192
923648,310913210,"2018-01-06 05:03:12","2018-01-06 00:00:00",310,"2018-01-06 05:03:12",45935,1,1192
923647,310913209,"2018-01-06 05:03:12","2018-01-06 00:00:00",310,"2018-01-06 05:03:12",45934,1,1192
923646,310913208,"2018-01-06 05:03:12","2018-01-06 00:00:00",310,"2018-01-06 05:03:12",45933,1,1192
923645,310913207,"2018-01-06 05:03:12","2018-01-06 00:00:00",310,"2018-01-06 05:03:12",45932,1,1192
923644,310913206,"2018-01-06 05:03:12","2018-01-06 00:00:00",310,"2018-01-06 05:03:12",45931,1,1192
923167,310912758,"2018-01-05 06:52:20","2018-01-05 00:00:00",310,"2018-01-05 06:52:19",45454,1,1192
923067,310912685,"2018-01-05 06:36:47","2018-01-05 00:00:00",310,"2018-01-05 06:36:47",45354,1,1192
923047,310912660,"2018-01-05 06:34:39","2018-01-05 00:00:00",310,"2018-01-05 06:34:39",45334,1,1192
922668,310912330,"2018-01-05 05:48:46","2018-01-05 00:00:00",310,"2018-01-05 05:48:45",44955,1,1192
922565,310912242,"2018-01-05 05:26:27","2018-01-05 00:00:00",310,"2018-01-05 05:26:27",44852,1,1192
922460,310912116,"2018-01-05 04:49:15","2018-01-05 00:00:00",310,"2018-01-05 04:49:15",44747,1,1192
922459,310912115,"2018-01-05 04:49:14","2018-01-05 00:00:00",310,"2018-01-05 04:49:14",44746,1,1192
922458,310912114,"2018-01-05 04:49:13","2018-01-05 00:00:00",310,"2018-01-05 04:49:13",44745,1,1192
922457,310912113,"2018-01-05 04:49:11","2018-01-05 00:00:00",310,"2018-01-05 04:49:11",44744,1,1192
922456,310912112,"2018-01-05 04:49:11","2018-01-05 00:00:00",310,"2018-01-05 04:49:10",44743,1,1192
922455,310912111,"2018-01-05 04:49:11","2018-01-05 00:00:00",310,"2018-01-05 04:49:10",44742,1,1192
922454,310912110,"2018-01-05 04:49:10","2018-01-05 00:00:00",310,"2018-01-05 04:49:10",44741,1,1192
922453,310912109,"2018-01-05 04:49:10","2018-01-05 00:00:00",310,"2018-01-05 04:49:10",44740,1,1192
922452,310912108,"2018-01-05 04:49:10","2018-01-05 00:00:00",310,"2018-01-05 04:49:10",44739,1,1192
922451,310912107,"2018-01-05 04:49:10","2018-01-05 00:00:00",310,"2018-01-05 04:49:10",44738,1,1192
922450,310912106,"2018-01-05 04:49:10","2018-01-05 00:00:00",310,"2018-01-05 04:49:10",44737,1,1192
922449,310912105,"2018-01-05 04:49:10","2018-01-05 00:00:00",310,"2018-01-05 04:49:10",44736,1,1192
922263,310911923,"2018-01-04 17:43:35","2018-01-04 00:00:00",310,"2018-01-04 17:43:35",44550,1,1192
922239,310911901,"2018-01-04 14:34:16","2018-01-04 00:00:00",310,"2018-01-04 14:34:15",44526,1,1192
922013,310911684,"2018-01-04 07:03:25","2018-01-04 00:00:00",310,"2018-01-04 07:03:25",44300,1,1192
921866,310911185,"2018-01-04 06:42:31","2018-01-04 00:00:00",310,"2018-01-04 06:42:30",44153,1,1192
921447,310911201,"2018-01-04 05:47:17","2018-01-04 00:00:00",310,"2018-01-04 05:47:16",43734,1,1192
921434,310911192,"2018-01-04 05:43:49","2018-01-04 00:00:00",310,"2018-01-04 05:43:49",43721,1,1192
921433,310911191,"2018-01-04 05:43:28","2018-01-04 00:00:00",310,"2018-01-04 05:43:28",43720,1,1192
921430,310911189,"2018-01-04 05:42:43","2018-01-04 00:00:00",310,"2018-01-04 05:42:43",43717,1,1192
921263,310911019,"2018-01-04 04:54:18","2018-01-04 00:00:00",310,"2018-01-04 04:54:17",43550,1,1192
921253,310911018,"2018-01-04 04:54:07","2018-01-04 00:00:00",310,"2018-01-04 04:54:07",43540,1,1192
921252,310911017,"2018-01-04 04:54:04","2018-01-04 00:00:00",310,"2018-01-04 04:54:04",43539,1,1192
921251,310911016,"2018-01-04 04:54:02","2018-01-04 00:00:00",310,"2018-01-04 04:54:02",43538,1,1192
921250,310911015,"2018-01-04 04:54:02","2018-01-04 00:00:00",310,"2018-01-04 04:54:02",43537,1,1192
921249,310911014,"2018-01-04 04:54:02","2018-01-04 00:00:00",310,"2018-01-04 04:54:02",43536,1,1192
921248,310911013,"2018-01-04 04:54:01","2018-01-04 00:00:00",310,"2018-01-04 04:54:01",43535,1,1192
921247,310911012,"2018-01-04 04:54:01","2018-01-04 00:00:00",310,"2018-01-04 04:54:01",43534,1,1192
921246,310911011,"2018-01-04 04:54:01","2018-01-04 00:00:00",310,"2018-01-04 04:54:01",43533,1,1192
921245,310911010,"2018-01-04 04:54:01","2018-01-04 00:00:00",310,"2018-01-04 04:54:01",43532,1,1192
921244,310911009,"2018-01-04 04:54:01","2018-01-04 00:00:00",310,"2018-01-04 04:54:01",43531,1,1192
921243,310911008,"2018-01-04 04:54:01","2018-01-04 00:00:00",310,"2018-01-04 04:54:01",43530,1,1192
921242,310911007,"2018-01-04 04:54:01","2018-01-04 00:00:00",310,"2018-01-04 04:54:01",43529,1,1192
920997,310909748,"2018-01-03 10:21:52","2018-01-03 00:00:00",310,"2018-01-03 10:21:52",43284,1,1192
920817,310910585,"2018-01-03 07:05:54","2018-01-03 00:00:00",310,"2018-01-03 07:05:53",43104,1,1192
920531,310910351,"2018-01-03 06:24:51","2018-01-03 00:00:00",310,"2018-01-03 06:24:50",42818,1,1192
920309,310910137,"2018-01-03 05:40:00","2018-01-03 00:00:00",310,"2018-01-03 05:39:59",42596,1,1192
920308,310910157,"2018-01-03 05:39:24","2018-01-03 00:00:00",310,"2018-01-03 05:39:23",42595,1,1192
920307,310910156,"2018-01-03 05:38:57","2018-01-03 00:00:00",310,"2018-01-03 05:38:56",42594,1,1192
920305,310909993,"2018-01-03 05:38:10","2018-01-03 00:00:00",310,"2018-01-03 05:38:09",42592,1,1192
920236,310910095,"2018-01-03 05:28:33","2018-01-03 00:00:00",310,"2018-01-03 05:28:32",42523,1,1192
920114,310909972,"2018-01-03 04:50:53","2018-01-03 00:00:00",310,"2018-01-03 04:50:52",42401,1,1192
920113,310909971,"2018-01-03 04:50:52","2018-01-03 00:00:00",310,"2018-01-03 04:50:51",42400,1,1192
920111,310909970,"2018-01-03 04:50:47","2018-01-03 00:00:00",310,"2018-01-03 04:50:46",42398,1,1192
920110,310909969,"2018-01-03 04:50:47","2018-01-03 00:00:00",310,"2018-01-03 04:50:46",42397,1,1192
920109,310909968,"2018-01-03 04:50:46","2018-01-03 00:00:00",310,"2018-01-03 04:50:45",42396,1,1192
920108,310909967,"2018-01-03 04:50:46","2018-01-03 00:00:00",310,"2018-01-03 04:50:45",42395,1,1192
920107,310909966,"2018-01-03 04:50:44","2018-01-03 00:00:00",310,"2018-01-03 04:50:43",42394,1,1192
920106,310909965,"2018-01-03 04:50:41","2018-01-03 00:00:00",310,"2018-01-03 04:50:40",42393,1,1192
920105,310909964,"2018-01-03 04:50:41","2018-01-03 00:00:00",310,"2018-01-03 04:50:40",42392,1,1192
920104,310909963,"2018-01-03 04:50:41","2018-01-03 00:00:00",310,"2018-01-03 04:50:40",42391,1,1192
920103,310909962,"2018-01-03 04:50:41","2018-01-03 00:00:00",310,"2018-01-03 04:50:40",42390,1,1192
920102,310909961,"2018-01-03 04:50:41","2018-01-03 00:00:00",310,"2018-01-03 04:50:40",42389,1,1192
919911,310909764,"2018-01-02 15:19:31","2018-01-02 00:00:00",310,"2018-01-02 15:19:31",42198,1,1192
919889,310909744,"2018-01-02 11:59:36","2018-01-02 00:00:00",310,"2018-01-02 11:59:36",42176,1,1192
919739,310909595,"2018-01-02 06:42:26","2018-01-02 00:00:00",310,"2018-01-02 06:42:25",42026,1,1192
919699,310909570,"2018-01-02 06:23:54","2018-01-02 00:00:00",310,"2018-01-02 06:23:53",41986,1,1192
919670,310909538,"2018-01-02 06:13:53","2018-01-02 00:00:00",310,"2018-01-02 06:13:53",41957,1,1192
919640,310909520,"2018-01-02 06:04:12","2018-01-02 00:00:00",310,"2018-01-02 06:04:12",41927,1,1192
919587,310909463,"2018-01-02 05:38:37","2018-01-02 00:00:00",310,"2018-01-02 05:38:37",41874,1,1192
919582,310909426,"2018-01-02 05:28:44","2018-01-02 00:00:00",310,"2018-01-02 05:28:44",41869,1,1192
919581,310909422,"2018-01-02 05:28:34","2018-01-02 00:00:00",310,"2018-01-02 05:28:34",41868,1,1192
919580,310909420,"2018-01-02 05:28:26","2018-01-02 00:00:00",310,"2018-01-02 05:28:25",41867,1,1192
919579,310909419,"2018-01-02 05:28:11","2018-01-02 00:00:00",310,"2018-01-02 05:28:10",41866,1,1192
919533,310909411,"2018-01-02 04:50:34","2018-01-02 00:00:00",310,"2018-01-02 04:50:34",41820,1,1192
919532,310909410,"2018-01-02 04:50:33","2018-01-02 00:00:00",310,"2018-01-02 04:50:33",41819,1,1192
919531,310909409,"2018-01-02 04:50:32","2018-01-02 00:00:00",310,"2018-01-02 04:50:31",41818,1,1192
919530,310909408,"2018-01-02 04:50:31","2018-01-02 00:00:00",310,"2018-01-02 04:50:31",41817,1,1192
919529,310909407,"2018-01-02 04:50:31","2018-01-02 00:00:00",310,"2018-01-02 04:50:31",41816,1,1192
919528,310909406,"2018-01-02 04:50:31","2018-01-02 00:00:00",310,"2018-01-02 04:50:30",41815,1,1192
919527,310909405,"2018-01-02 04:50:31","2018-01-02 00:00:00",310,"2018-01-02 04:50:30",41814,1,1192
919526,310909404,"2018-01-02 04:50:30","2018-01-02 00:00:00",310,"2018-01-02 04:50:30",41813,1,1192
919525,310909403,"2018-01-02 04:50:29","2018-01-02 00:00:00",310,"2018-01-02 04:50:29",41812,1,1192
919524,310909402,"2018-01-02 04:50:29","2018-01-02 00:00:00",310,"2018-01-02 04:50:29",41811,1,1192
919523,310909401,"2018-01-02 04:50:29","2018-01-02 00:00:00",310,"2018-01-02 04:50:29",41810,1,1192
919522,310909400,"2018-01-02 04:50:28","2018-01-02 00:00:00",310,"2018-01-02 04:50:28",41809,1,1192
919376,310909249,"2017-12-30 11:22:04","2017-12-30 00:00:00",310,"2017-12-30 11:22:04",41663,1,1192
919069,310908938,"2017-12-30 06:38:14","2017-12-30 00:00:00",310,"2017-12-30 06:38:14",41356,1,1192
919055,310908924,"2017-12-30 06:35:42","2017-12-30 00:00:00",310,"2017-12-30 06:35:42",41342,1,1192
918964,310908855,"2017-12-30 06:17:01","2017-12-30 00:00:00",310,"2017-12-30 06:17:01",41251,1,1192
918832,310908720,"2017-12-30 05:32:43","2017-12-30 00:00:00",310,"2017-12-30 05:32:43",41119,1,1192
918806,310908691,"2017-12-30 05:13:40","2017-12-30 00:00:00",310,"2017-12-30 05:13:40",41093,1,1192
918805,310908690,"2017-12-30 05:13:40","2017-12-30 00:00:00",310,"2017-12-30 05:13:40",41092,1,1192
918804,310908689,"2017-12-30 05:13:39","2017-12-30 00:00:00",310,"2017-12-30 05:13:39",41091,1,1192
918803,310908688,"2017-12-30 05:13:39","2017-12-30 00:00:00",310,"2017-12-30 05:13:39",41090,1,1192
918802,310908687,"2017-12-30 05:13:38","2017-12-30 00:00:00",310,"2017-12-30 05:13:38",41089,1,1192
918801,310908686,"2017-12-30 05:13:38","2017-12-30 00:00:00",310,"2017-12-30 05:13:38",41088,1,1192
918800,310908685,"2017-12-30 05:13:38","2017-12-30 00:00:00",310,"2017-12-30 05:13:38",41087,1,1192
918799,310908684,"2017-12-30 05:13:38","2017-12-30 00:00:00",310,"2017-12-30 05:13:38",41086,1,1192
918798,310908683,"2017-12-30 05:13:38","2017-12-30 00:00:00",310,"2017-12-30 05:13:38",41085,1,1192
918797,310908682,"2017-12-30 05:13:38","2017-12-30 00:00:00",310,"2017-12-30 05:13:37",41084,1,1192
918796,310908681,"2017-12-30 05:13:38","2017-12-30 00:00:00",310,"2017-12-30 05:13:37",41083,1,1192
918534,310908413,"2017-12-29 08:45:32","2017-12-29 00:00:00",310,"2017-12-29 08:45:32",40821,1,1192
918380,310908264,"2017-12-29 06:51:45","2017-12-29 00:00:00",310,"2017-12-29 06:51:45",40667,1,1192
918356,310908247,"2017-12-29 06:46:12","2017-12-29 00:00:00",310,"2017-12-29 06:46:12",40643,1,1192
918263,310908175,"2017-12-29 06:31:39","2017-12-29 00:00:00",310,"2017-12-29 06:31:39",40550,1,1192
918224,310908125,"2017-12-29 06:29:31","2017-12-29 00:00:00",310,"2017-12-29 06:29:31",40511,1,1192
918134,310908084,"2017-12-29 06:20:45","2017-12-29 00:00:00",310,"2017-12-29 06:20:45",40421,1,1192
917956,310907912,"2017-12-29 05:37:07","2017-12-29 00:00:00",310,"2017-12-29 05:37:07",40243,1,1192
917787,310907756,"2017-12-29 04:46:27","2017-12-29 00:00:00",310,"2017-12-29 04:46:27",40074,1,1192
917786,310907755,"2017-12-29 04:46:24","2017-12-29 00:00:00",310,"2017-12-29 04:46:24",40073,1,1192
917785,310907754,"2017-12-29 04:46:20","2017-12-29 00:00:00",310,"2017-12-29 04:46:20",40072,1,1192
917784,310907753,"2017-12-29 04:46:19","2017-12-29 00:00:00",310,"2017-12-29 04:46:19",40071,1,1192
917783,310907752,"2017-12-29 04:46:19","2017-12-29 00:00:00",310,"2017-12-29 04:46:19",40070,1,1192
917782,310907751,"2017-12-29 04:46:19","2017-12-29 00:00:00",310,"2017-12-29 04:46:19",40069,1,1192
917781,310907750,"2017-12-29 04:46:19","2017-12-29 00:00:00",310,"2017-12-29 04:46:19",40068,1,1192
917780,310907749,"2017-12-29 04:46:18","2017-12-29 00:00:00",310,"2017-12-29 04:46:18",40067,1,1192
917779,310907748,"2017-12-29 04:46:18","2017-12-29 00:00:00",310,"2017-12-29 04:46:18",40066,1,1192
917778,310907747,"2017-12-29 04:46:18","2017-12-29 00:00:00",310,"2017-12-29 04:46:18",40065,1,1192
917777,310907746,"2017-12-29 04:46:18","2017-12-29 00:00:00",310,"2017-12-29 04:46:18",40064,1,1192
917317,310907284,"2017-12-28 06:42:00","2017-12-28 00:00:00",310,"2017-12-28 06:41:58",39604,1,1192
917240,310907216,"2017-12-28 06:30:49","2017-12-28 00:00:00",310,"2017-12-28 06:30:47",39527,1,1192
916831,310906784,"2017-12-28 05:07:29","2017-12-28 00:00:00",310,"2017-12-28 05:07:28",39118,1,1192
916830,310906853,"2017-12-28 05:07:18","2017-12-28 00:00:00",310,"2017-12-28 05:07:17",39117,1,1192
916829,310906856,"2017-12-28 05:07:10","2017-12-28 00:00:00",310,"2017-12-28 05:07:09",39116,1,1192
916828,310906858,"2017-12-28 05:06:57","2017-12-28 00:00:00",310,"2017-12-28 05:06:56",39115,1,1192
916827,310906859,"2017-12-28 05:06:50","2017-12-28 00:00:00",310,"2017-12-28 05:06:48",39114,1,1192
916826,310906862,"2017-12-28 05:06:41","2017-12-28 00:00:00",310,"2017-12-28 05:06:39",39113,1,1192
916786,310906788,"2017-12-28 04:57:57","2017-12-28 00:00:00",310,"2017-12-28 04:57:56",39073,1,1192
916744,310906779,"2017-12-28 04:43:10","2017-12-28 00:00:00",310,"2017-12-28 04:43:09",39031,1,1192
916743,310906778,"2017-12-28 04:43:07","2017-12-28 00:00:00",310,"2017-12-28 04:43:06",39030,1,1192
916742,310906777,"2017-12-28 04:43:06","2017-12-28 00:00:00",310,"2017-12-28 04:43:05",39029,1,1192
916741,310906776,"2017-12-28 04:43:04","2017-12-28 00:00:00",310,"2017-12-28 04:43:03",39028,1,1192
916740,310906775,"2017-12-28 04:43:03","2017-12-28 00:00:00",310,"2017-12-28 04:43:02",39027,1,1192
916739,310906774,"2017-12-28 04:43:03","2017-12-28 00:00:00",310,"2017-12-28 04:43:02",39026,1,1192
916738,310906773,"2017-12-28 04:43:03","2017-12-28 00:00:00",310,"2017-12-28 04:43:02",39025,1,1192
916737,310906772,"2017-12-28 04:43:03","2017-12-28 00:00:00",310,"2017-12-28 04:43:01",39024,1,1192
916736,310906771,"2017-12-28 04:43:02","2017-12-28 00:00:00",310,"2017-12-28 04:43:01",39023,1,1192
916735,310906770,"2017-12-28 04:43:02","2017-12-28 00:00:00",310,"2017-12-28 04:43:01",39022,1,1192
916734,310906769,"2017-12-28 04:43:02","2017-12-28 00:00:00",310,"2017-12-28 04:43:01",39021,1,1192
916733,310906768,"2017-12-28 04:43:02","2017-12-28 00:00:00",310,"2017-12-28 04:43:01",39020,1,1192
916528,310906551,"2017-12-27 09:36:45","2017-12-27 00:00:00",310,"2017-12-27 09:36:45",38815,1,1192
916415,310906453,"2017-12-27 07:10:04","2017-12-27 00:00:00",310,"2017-12-27 07:10:04",38702,1,1192
916345,310906399,"2017-12-27 06:54:37","2017-12-27 00:00:00",310,"2017-12-27 06:54:38",38632,1,1192
916259,310906317,"2017-12-27 06:27:07","2017-12-27 00:00:00",310,"2017-12-27 06:27:08",38546,1,1192
916255,310906309,"2017-12-27 06:25:07","2017-12-27 00:00:00",310,"2017-12-27 06:25:08",38542,1,1192
916217,310906283,"2017-12-27 06:09:21","2017-12-27 00:00:00",310,"2017-12-27 06:09:21",38504,1,1192
916212,310906278,"2017-12-27 06:03:29","2017-12-27 00:00:00",310,"2017-12-27 06:03:29",38499,1,1192
916088,310906128,"2017-12-27 05:22:27","2017-12-27 00:00:00",310,"2017-12-27 05:22:28",38375,1,1192
916083,310906161,"2017-12-27 05:20:17","2017-12-27 00:00:00",310,"2017-12-27 05:20:18",38370,1,1192
916058,310906129,"2017-12-27 05:17:01","2017-12-27 00:00:00",310,"2017-12-27 05:17:02",38345,1,1192
916050,310906126,"2017-12-27 05:13:22","2017-12-27 00:00:00",310,"2017-12-27 05:13:23",38337,1,1192
916046,310906132,"2017-12-27 05:08:08","2017-12-27 00:00:00",310,"2017-12-27 05:08:09",38333,1,1192
916038,310906125,"2017-12-27 04:47:24","2017-12-27 00:00:00",310,"2017-12-27 04:47:25",38325,1,1192
916036,310906124,"2017-12-27 04:41:09","2017-12-27 00:00:00",310,"2017-12-27 04:41:10",38323,1,1192
916035,310906123,"2017-12-27 04:41:09","2017-12-27 00:00:00",310,"2017-12-27 04:41:09",38322,1,1192
916034,310906122,"2017-12-27 04:41:07","2017-12-27 00:00:00",310,"2017-12-27 04:41:08",38321,1,1192
916033,310906121,"2017-12-27 04:41:06","2017-12-27 00:00:00",310,"2017-12-27 04:41:07",38320,1,1192
916032,310906120,"2017-12-27 04:41:05","2017-12-27 00:00:00",310,"2017-12-27 04:41:06",38319,1,1192
916031,310906119,"2017-12-27 04:41:05","2017-12-27 00:00:00",310,"2017-12-27 04:41:06",38318,1,1192
916030,310906118,"2017-12-27 04:41:04","2017-12-27 00:00:00",310,"2017-12-27 04:41:05",38317,1,1192
916029,310906117,"2017-12-27 04:41:04","2017-12-27 00:00:00",310,"2017-12-27 04:41:05",38316,1,1192
916028,310906116,"2017-12-27 04:41:04","2017-12-27 00:00:00",310,"2017-12-27 04:41:05",38315,1,1192
916027,310906115,"2017-12-27 04:41:04","2017-12-27 00:00:00",310,"2017-12-27 04:41:05",38314,1,1192
916026,310906114,"2017-12-27 04:41:04","2017-12-27 00:00:00",310,"2017-12-27 04:41:05",38313,1,1192
916025,310906113,"2017-12-27 04:41:04","2017-12-27 00:00:00",310,"2017-12-27 04:41:05",38312,1,1192
915826,310905917,"2017-12-23 10:57:33","2017-12-23 00:00:00",310,"2017-12-23 10:57:33",38113,1,1192
915368,310905360,"2017-12-23 06:18:14","2017-12-23 00:00:00",310,"2017-12-23 06:18:14",37655,1,1192
915358,310905362,"2017-12-23 06:18:04","2017-12-23 00:00:00",310,"2017-12-23 06:18:04",37645,1,1192
915357,310905365,"2017-12-23 06:17:54","2017-12-23 00:00:00",310,"2017-12-23 06:17:54",37644,1,1192
915356,310905504,"2017-12-23 06:17:40","2017-12-23 00:00:00",310,"2017-12-23 06:17:41",37643,1,1192
915352,310905502,"2017-12-23 06:16:44","2017-12-23 00:00:00",310,"2017-12-23 06:16:45",37639,1,1192
915350,310905498,"2017-12-23 06:16:15","2017-12-23 00:00:00",310,"2017-12-23 06:16:15",37637,1,1192
915243,310905376,"2017-12-23 05:47:28","2017-12-23 00:00:00",310,"2017-12-23 05:47:28",37530,1,1192
915095,310905225,"2017-12-23 04:40:56","2017-12-23 00:00:00",310,"2017-12-23 04:40:56",37382,1,1192
915094,310905224,"2017-12-23 04:40:55","2017-12-23 00:00:00",310,"2017-12-23 04:40:55",37381,1,1192
915093,310905223,"2017-12-23 04:40:55","2017-12-23 00:00:00",310,"2017-12-23 04:40:55",37380,1,1192
915092,310905222,"2017-12-23 04:40:55","2017-12-23 00:00:00",310,"2017-12-23 04:40:55",37379,1,1192
915091,310905221,"2017-12-23 04:40:54","2017-12-23 00:00:00",310,"2017-12-23 04:40:55",37378,1,1192
915090,310905220,"2017-12-23 04:40:54","2017-12-23 00:00:00",310,"2017-12-23 04:40:55",37377,1,1192
915089,310905219,"2017-12-23 04:40:54","2017-12-23 00:00:00",310,"2017-12-23 04:40:54",37376,1,1192
915088,310905218,"2017-12-23 04:40:54","2017-12-23 00:00:00",310,"2017-12-23 04:40:54",37375,1,1192
915087,310905217,"2017-12-23 04:40:54","2017-12-23 00:00:00",310,"2017-12-23 04:40:54",37374,1,1192
915086,310905216,"2017-12-23 04:40:54","2017-12-23 00:00:00",310,"2017-12-23 04:40:54",37373,1,1192
915085,310905215,"2017-12-23 04:40:54","2017-12-23 00:00:00",310,"2017-12-23 04:40:54",37372,1,1192
914891,310905016,"2017-12-22 18:48:09","2017-12-22 00:00:00",310,"2017-12-22 18:48:09",37178,1,1192
914879,310905006,"2017-12-22 16:40:23","2017-12-22 00:00:00",310,"2017-12-22 16:40:23",37166,1,1192
914872,310905000,"2017-12-22 16:01:58","2017-12-22 00:00:00",310,"2017-12-22 16:01:58",37159,1,1192
914858,310904984,"2017-12-22 14:34:20","2017-12-22 00:00:00",310,"2017-12-22 14:34:20",37145,1,1192
914821,310904950,"2017-12-22 11:09:07","2017-12-22 00:00:00",310,"2017-12-22 11:09:07",37108,1,1192
914818,310904946,"2017-12-22 10:54:41","2017-12-22 00:00:00",310,"2017-12-22 10:54:41",37105,1,1192
914581,310904665,"2017-12-22 07:17:25","2017-12-22 00:00:00",310,"2017-12-22 07:17:25",36868,1,1192
914514,310904567,"2017-12-22 07:07:07","2017-12-22 00:00:00",310,"2017-12-22 07:07:07",36801,1,1192
914415,310904554,"2017-12-22 06:51:10","2017-12-22 00:00:00",310,"2017-12-22 06:51:11",36702,1,1192
914196,310904356,"2017-12-22 06:31:26","2017-12-22 00:00:00",310,"2017-12-22 06:31:26",36483,1,1192
914183,310904318,"2017-12-22 06:29:58","2017-12-22 00:00:00",310,"2017-12-22 06:29:59",36470,1,1192
913762,310903961,"2017-12-22 05:27:13","2017-12-22 00:00:00",310,"2017-12-22 05:27:14",36049,1,1192
913729,310903858,"2017-12-22 05:23:17","2017-12-22 00:00:00",310,"2017-12-22 05:23:18",36016,1,1192
913728,310903860,"2017-12-22 05:23:02","2017-12-22 00:00:00",310,"2017-12-22 05:23:03",36015,1,1192
913637,310903481,"2017-12-22 04:57:45","2017-12-22 00:00:00",310,"2017-12-22 04:57:45",35924,1,1192
913630,310903828,"2017-12-22 04:54:57","2017-12-22 00:00:00",310,"2017-12-22 04:54:57",35917,1,1192
913614,310903453,"2017-12-22 04:52:06","2017-12-22 00:00:00",310,"2017-12-22 04:52:07",35901,1,1192
913613,310903801,"2017-12-22 04:50:54","2017-12-22 00:00:00",310,"2017-12-22 04:50:55",35900,1,1192
913612,310903800,"2017-12-22 04:50:49","2017-12-22 00:00:00",310,"2017-12-22 04:50:50",35899,1,1192
913603,310903799,"2017-12-22 04:50:43","2017-12-22 00:00:00",310,"2017-12-22 04:50:44",35890,1,1192
913602,310903798,"2017-12-22 04:50:43","2017-12-22 00:00:00",310,"2017-12-22 04:50:44",35889,1,1192
913601,310903797,"2017-12-22 04:50:41","2017-12-22 00:00:00",310,"2017-12-22 04:50:42",35888,1,1192
913600,310903796,"2017-12-22 04:50:40","2017-12-22 00:00:00",310,"2017-12-22 04:50:41",35887,1,1192
913599,310903795,"2017-12-22 04:50:40","2017-12-22 00:00:00",310,"2017-12-22 04:50:41",35886,1,1192
913598,310903794,"2017-12-22 04:50:39","2017-12-22 00:00:00",310,"2017-12-22 04:50:40",35885,1,1192
913597,310903793,"2017-12-22 04:50:39","2017-12-22 00:00:00",310,"2017-12-22 04:50:40",35884,1,1192
913596,310903792,"2017-12-22 04:50:39","2017-12-22 00:00:00",310,"2017-12-22 04:50:39",35883,1,1192
913595,310903791,"2017-12-22 04:50:38","2017-12-22 00:00:00",310,"2017-12-22 04:50:39",35882,1,1192
913594,310903790,"2017-12-22 04:50:38","2017-12-22 00:00:00",310,"2017-12-22 04:50:39",35881,1,1192
913593,310903789,"2017-12-22 04:50:38","2017-12-22 00:00:00",310,"2017-12-22 04:50:39",35880,1,1192
913571,310903482,"2017-12-22 04:44:42","2017-12-22 00:00:00",310,"2017-12-22 04:44:43",35858,1,1192
913569,310903483,"2017-12-22 04:44:30","2017-12-22 00:00:00",310,"2017-12-22 04:44:31",35856,1,1192
913337,310903539,"2017-12-21 18:44:20","2017-12-21 00:00:00",310,"2017-12-21 18:44:20",35624,1,1192
913328,310903533,"2017-12-21 17:00:41","2017-12-21 00:00:00",310,"2017-12-21 17:00:40",35615,1,1192
913314,310903519,"2017-12-21 15:25:37","2017-12-21 00:00:00",310,"2017-12-21 15:25:37",35601,1,1192
913287,310903491,"2017-12-21 13:23:23","2017-12-21 00:00:00",310,"2017-12-21 13:23:24",35574,1,1192
912728,310902957,"2017-12-21 06:53:24","2017-12-21 00:00:00",310,"2017-12-21 06:53:24",35015,1,1192
911993,310902299,"2017-12-21 05:03:33","2017-12-21 00:00:00",310,"2017-12-21 05:03:32",34280,1,1192
911991,310902295,"2017-12-21 05:03:24","2017-12-21 00:00:00",310,"2017-12-21 05:03:23",34278,1,1192
911990,310902291,"2017-12-21 05:03:15","2017-12-21 00:00:00",310,"2017-12-21 05:03:14",34277,1,1192
911982,310902289,"2017-12-21 05:03:06","2017-12-21 00:00:00",310,"2017-12-21 05:03:05",34269,1,1192
911946,310902268,"2017-12-21 04:48:04","2017-12-21 00:00:00",310,"2017-12-21 04:48:04",34233,1,1192
911945,310902267,"2017-12-21 04:48:02","2017-12-21 00:00:00",310,"2017-12-21 04:48:01",34232,1,1192
911942,310902266,"2017-12-21 04:48:00","2017-12-21 00:00:00",310,"2017-12-21 04:48:00",34229,1,1192
911941,310902265,"2017-12-21 04:47:59","2017-12-21 00:00:00",310,"2017-12-21 04:47:59",34228,1,1192
911940,310902264,"2017-12-21 04:47:59","2017-12-21 00:00:00",310,"2017-12-21 04:47:58",34227,1,1192
911939,310902263,"2017-12-21 04:47:58","2017-12-21 00:00:00",310,"2017-12-21 04:47:58",34226,1,1192
911938,310902262,"2017-12-21 04:47:58","2017-12-21 00:00:00",310,"2017-12-21 04:47:58",34225,1,1192
911937,310902261,"2017-12-21 04:47:58","2017-12-21 00:00:00",310,"2017-12-21 04:47:58",34224,1,1192
911936,310902260,"2017-12-21 04:47:58","2017-12-21 00:00:00",310,"2017-12-21 04:47:57",34223,1,1192
911935,310902259,"2017-12-21 04:47:58","2017-12-21 00:00:00",310,"2017-12-21 04:47:57",34222,1,1192
911934,310902258,"2017-12-21 04:47:58","2017-12-21 00:00:00",310,"2017-12-21 04:47:57",34221,1,1192
911933,310902257,"2017-12-21 04:47:58","2017-12-21 00:00:00",310,"2017-12-21 04:47:57",34220,1,1192
911676,310901988,"2017-12-20 18:39:09","2017-12-20 00:00:00",310,"2017-12-20 18:39:09",33963,1,1192
911673,310901985,"2017-12-20 18:32:59","2017-12-20 00:00:00",310,"2017-12-20 18:32:59",33960,1,1192
911648,310901962,"2017-12-20 15:06:03","2017-12-20 00:00:00",310,"2017-12-20 15:06:02",33935,1,1192
911644,310901958,"2017-12-20 14:52:57","2017-12-20 00:00:00",310,"2017-12-20 14:52:56",33931,1,1192
911598,310901914,"2017-12-20 12:30:25","2017-12-20 00:00:00",310,"2017-12-20 12:30:25",33885,1,1192
911574,310901892,"2017-12-20 11:23:51","2017-12-20 00:00:00",310,"2017-12-20 11:23:51",33861,1,1192
911487,310901739,"2017-12-20 08:57:22","2017-12-20 00:00:00",310,"2017-12-20 08:57:22",33774,1,1192
911434,310901758,"2017-12-20 08:17:08","2017-12-20 00:00:00",310,"2017-12-20 08:17:08",33721,1,1192
911399,310901720,"2017-12-20 08:02:37","2017-12-20 00:00:00",310,"2017-12-20 08:02:37",33686,1,1192
911334,310901675,"2017-12-20 07:48:39","2017-12-20 00:00:00",310,"2017-12-20 07:48:39",33621,1,1192
911327,310901671,"2017-12-20 07:46:02","2017-12-20 00:00:00",310,"2017-12-20 07:46:02",33614,1,1192
911031,310901437,"2017-12-20 06:54:16","2017-12-20 00:00:00",310,"2017-12-20 06:54:16",33318,1,1192
910604,310901073,"2017-12-20 06:02:46","2017-12-20 00:00:00",310,"2017-12-20 06:02:46",32891,1,1192
910546,310901005,"2017-12-20 05:56:03","2017-12-20 00:00:00",310,"2017-12-20 05:56:03",32833,1,1192
910484,310900752,"2017-12-20 05:50:32","2017-12-20 00:00:00",310,"2017-12-20 05:50:32",32771,1,1192
910483,310900759,"2017-12-20 05:50:22","2017-12-20 00:00:00",310,"2017-12-20 05:50:22",32770,1,1192
910482,310900768,"2017-12-20 05:50:13","2017-12-20 00:00:00",310,"2017-12-20 05:50:13",32769,1,1192
910479,310900946,"2017-12-20 05:49:55","2017-12-20 00:00:00",310,"2017-12-20 05:49:55",32766,1,1192
910467,310900744,"2017-12-20 05:45:23","2017-12-20 00:00:00",310,"2017-12-20 05:45:23",32754,1,1192
910382,310900850,"2017-12-20 05:33:03","2017-12-20 00:00:00",310,"2017-12-20 05:33:03",32669,1,1192
910209,310900674,"2017-12-20 04:48:31","2017-12-20 00:00:00",310,"2017-12-20 04:48:32",32496,1,1192
910208,310900673,"2017-12-20 04:48:29","2017-12-20 00:00:00",310,"2017-12-20 04:48:30",32495,1,1192
910207,310900672,"2017-12-20 04:48:28","2017-12-20 00:00:00",310,"2017-12-20 04:48:28",32494,1,1192
910206,310900671,"2017-12-20 04:48:27","2017-12-20 00:00:00",310,"2017-12-20 04:48:27",32493,1,1192
910205,310900670,"2017-12-20 04:48:27","2017-12-20 00:00:00",310,"2017-12-20 04:48:27",32492,1,1192
910204,310900669,"2017-12-20 04:48:27","2017-12-20 00:00:00",310,"2017-12-20 04:48:27",32491,1,1192
910203,310900668,"2017-12-20 04:48:27","2017-12-20 00:00:00",310,"2017-12-20 04:48:27",32490,1,1192
910202,310900667,"2017-12-20 04:48:26","2017-12-20 00:00:00",310,"2017-12-20 04:48:27",32489,1,1192
910201,310900666,"2017-12-20 04:48:26","2017-12-20 00:00:00",310,"2017-12-20 04:48:26",32488,1,1192
910200,310900665,"2017-12-20 04:48:26","2017-12-20 00:00:00",310,"2017-12-20 04:48:26",32487,1,1192
910199,310900664,"2017-12-20 04:48:26","2017-12-20 00:00:00",310,"2017-12-20 04:48:26",32486,1,1192
910198,310900663,"2017-12-20 04:48:26","2017-12-20 00:00:00",310,"2017-12-20 04:48:26",32485,1,1192
909924,310900387,"2017-12-19 11:52:00","2017-12-19 00:00:00",310,"2017-12-19 11:52:00",32211,1,1192
909847,310900314,"2017-12-19 08:46:55","2017-12-19 00:00:00",310,"2017-12-19 08:46:55",32134,1,1192
909845,310900316,"2017-12-19 08:46:44","2017-12-19 00:00:00",310,"2017-12-19 08:46:44",32132,1,1192
909844,310900318,"2017-12-19 08:46:32","2017-12-19 00:00:00",310,"2017-12-19 08:46:32",32131,1,1192
909361,310899904,"2017-12-19 06:44:31","2017-12-19 00:00:00",310,"2017-12-19 06:44:31",31648,1,1192
909302,310899447,"2017-12-19 06:39:20","2017-12-19 00:00:00",310,"2017-12-19 06:39:20",31589,1,1192
909275,310899840,"2017-12-19 06:35:32","2017-12-19 00:00:00",310,"2017-12-19 06:35:32",31562,1,1192
909262,310899829,"2017-12-19 06:34:33","2017-12-19 00:00:00",310,"2017-12-19 06:34:33",31549,1,1192
908826,310899416,"2017-12-19 05:41:57","2017-12-19 00:00:00",310,"2017-12-19 05:41:57",31113,1,1192
908822,310899412,"2017-12-19 05:41:35","2017-12-19 00:00:00",310,"2017-12-19 05:41:35",31109,1,1192
908785,310899272,"2017-12-19 05:33:17","2017-12-19 00:00:00",310,"2017-12-19 05:33:17",31072,1,1192
908784,310899281,"2017-12-19 05:33:07","2017-12-19 00:00:00",310,"2017-12-19 05:33:07",31071,1,1192
908781,310899297,"2017-12-19 05:32:45","2017-12-19 00:00:00",310,"2017-12-19 05:32:45",31068,1,1192
908629,310899228,"2017-12-19 04:46:33","2017-12-19 00:00:00",310,"2017-12-19 04:46:33",30916,1,1192
908628,310899227,"2017-12-19 04:46:24","2017-12-19 00:00:00",310,"2017-12-19 04:46:24",30915,1,1192
908627,310899226,"2017-12-19 04:46:23","2017-12-19 00:00:00",310,"2017-12-19 04:46:23",30914,1,1192
908626,310899225,"2017-12-19 04:46:23","2017-12-19 00:00:00",310,"2017-12-19 04:46:23",30913,1,1192
908625,310899224,"2017-12-19 04:46:19","2017-12-19 00:00:00",310,"2017-12-19 04:46:19",30912,1,1192
908624,310899223,"2017-12-19 04:46:19","2017-12-19 00:00:00",310,"2017-12-19 04:46:19",30911,1,1192
908623,310899222,"2017-12-19 04:46:19","2017-12-19 00:00:00",310,"2017-12-19 04:46:19",30910,1,1192
908622,310899221,"2017-12-19 04:46:18","2017-12-19 00:00:00",310,"2017-12-19 04:46:18",30909,1,1192
908621,310899220,"2017-12-19 04:46:17","2017-12-19 00:00:00",310,"2017-12-19 04:46:17",30908,1,1192
908620,310899219,"2017-12-19 04:46:17","2017-12-19 00:00:00",310,"2017-12-19 04:46:17",30907,1,1192
908619,310899218,"2017-12-19 04:46:17","2017-12-19 00:00:00",310,"2017-12-19 04:46:17",30906,1,1192
908618,310899217,"2017-12-19 04:46:17","2017-12-19 00:00:00",310,"2017-12-19 04:46:17",30905,1,1192
908617,310899216,"2017-12-19 04:46:17","2017-12-19 00:00:00",310,"2017-12-19 04:46:17",30904,1,1192
908421,310899013,"2017-12-18 17:35:23","2017-12-18 00:00:00",310,"2017-12-18 17:35:22",30708,1,1192
908396,310898989,"2017-12-18 13:58:01","2017-12-18 00:00:00",310,"2017-12-18 13:58:01",30683,1,1192
908395,310898988,"2017-12-18 13:53:55","2017-12-18 00:00:00",310,"2017-12-18 13:53:55",30682,1,1192
908393,310898986,"2017-12-18 13:41:44","2017-12-18 00:00:00",310,"2017-12-18 13:41:44",30680,1,1192
908389,310898982,"2017-12-18 12:58:18","2017-12-18 00:00:00",310,"2017-12-18 12:58:18",30676,1,1192
908387,310898980,"2017-12-18 12:53:14","2017-12-18 00:00:00",310,"2017-12-18 12:53:14",30674,1,1192
908380,310898974,"2017-12-18 12:19:42","2017-12-18 00:00:00",310,"2017-12-18 12:19:42",30667,1,1192
908367,310898962,"2017-12-18 11:24:28","2017-12-18 00:00:00",310,"2017-12-18 11:24:28",30654,1,1192
908366,310898961,"2017-12-18 11:23:00","2017-12-18 00:00:00",310,"2017-12-18 11:23:00",30653,1,1192
908361,310898955,"2017-12-18 10:42:31","2017-12-18 00:00:00",310,"2017-12-18 10:42:31",30648,1,1192
908310,310898901,"2017-12-18 08:02:45","2017-12-18 00:00:00",310,"2017-12-18 08:02:44",30597,1,1192
908246,310898843,"2017-12-18 07:23:17","2017-12-18 00:00:00",310,"2017-12-18 07:23:17",30533,1,1192
908238,310898840,"2017-12-18 07:19:19","2017-12-18 00:00:00",310,"2017-12-18 07:19:19",30525,1,1192
908213,310898815,"2017-12-18 07:02:53","2017-12-18 00:00:00",310,"2017-12-18 07:02:53",30500,1,1192
908159,310898775,"2017-12-18 06:41:18","2017-12-18 00:00:00",310,"2017-12-18 06:41:18",30446,1,1192
908142,310898756,"2017-12-18 06:35:18","2017-12-18 00:00:00",310,"2017-12-18 06:35:18",30429,1,1192
908113,310898744,"2017-12-18 06:30:22","2017-12-18 00:00:00",310,"2017-12-18 06:30:22",30400,1,1192
908003,310898637,"2017-12-18 06:05:34","2017-12-18 00:00:00",310,"2017-12-18 06:05:34",30290,1,1192
908001,310898635,"2017-12-18 06:04:24","2017-12-18 00:00:00",310,"2017-12-18 06:04:24",30288,1,1192
907950,310898504,"2017-12-18 05:46:34","2017-12-18 00:00:00",310,"2017-12-18 05:46:34",30237,1,1192
907949,310898515,"2017-12-18 05:46:25","2017-12-18 00:00:00",310,"2017-12-18 05:46:24",30236,1,1192
907948,310898516,"2017-12-18 05:46:16","2017-12-18 00:00:00",310,"2017-12-18 05:46:16",30235,1,1192
907947,310898517,"2017-12-18 05:46:08","2017-12-18 00:00:00",310,"2017-12-18 05:46:08",30234,1,1192
907946,310898518,"2017-12-18 05:45:59","2017-12-18 00:00:00",310,"2017-12-18 05:45:58",30233,1,1192
907945,310898519,"2017-12-18 05:45:49","2017-12-18 00:00:00",310,"2017-12-18 05:45:49",30232,1,1192
907944,310898601,"2017-12-18 05:45:37","2017-12-18 00:00:00",310,"2017-12-18 05:45:37",30231,1,1192
907837,310898499,"2017-12-18 05:12:18","2017-12-18 00:00:00",310,"2017-12-18 05:12:18",30124,1,1192
907786,310898451,"2017-12-18 04:53:44","2017-12-18 00:00:00",310,"2017-12-18 04:53:44",30073,1,1192
907785,310898450,"2017-12-18 04:53:41","2017-12-18 00:00:00",310,"2017-12-18 04:53:41",30072,1,1192
907783,310898449,"2017-12-18 04:53:40","2017-12-18 00:00:00",310,"2017-12-18 04:53:40",30070,1,1192
907782,310898448,"2017-12-18 04:53:40","2017-12-18 00:00:00",310,"2017-12-18 04:53:40",30069,1,1192
907781,310898447,"2017-12-18 04:53:40","2017-12-18 00:00:00",310,"2017-12-18 04:53:40",30068,1,1192
907780,310898446,"2017-12-18 04:53:40","2017-12-18 00:00:00",310,"2017-12-18 04:53:39",30067,1,1192
907779,310898445,"2017-12-18 04:53:40","2017-12-18 00:00:00",310,"2017-12-18 04:53:39",30066,1,1192
907778,310898444,"2017-12-18 04:53:39","2017-12-18 00:00:00",310,"2017-12-18 04:53:39",30065,1,1192
907777,310898443,"2017-12-18 04:53:39","2017-12-18 00:00:00",310,"2017-12-18 04:53:39",30064,1,1192
907776,310898442,"2017-12-18 04:53:39","2017-12-18 00:00:00",310,"2017-12-18 04:53:39",30063,1,1192
907775,310898441,"2017-12-18 04:53:39","2017-12-18 00:00:00",310,"2017-12-18 04:53:39",30062,1,1192
907774,310898440,"2017-12-18 04:53:39","2017-12-18 00:00:00",310,"2017-12-18 04:53:39",30061,1,1192
907773,310898439,"2017-12-18 04:53:39","2017-12-18 00:00:00",310,"2017-12-18 04:53:39",30060,1,1192
907294,310897971,"2017-12-16 07:57:10","2017-12-16 00:00:00",310,"2017-12-16 07:57:10",29581,1,1192
907291,310897968,"2017-12-16 07:55:52","2017-12-16 00:00:00",310,"2017-12-16 07:55:52",29578,1,1192
907254,310897934,"2017-12-16 07:35:23","2017-12-16 00:00:00",310,"2017-12-16 07:35:23",29541,1,1192
907170,310897847,"2017-12-16 07:09:21","2017-12-16 00:00:00",310,"2017-12-16 07:09:22",29457,1,1192
906562,310897123,"2017-12-15 20:03:26","2017-12-15 00:00:00",310,"2017-12-15 20:03:26",28849,1,1192
906546,310897246,"2017-12-15 18:09:38","2017-12-15 00:00:00",310,"2017-12-15 18:09:38",28833,1,1192
906511,310897214,"2017-12-15 13:33:29","2017-12-15 00:00:00",310,"2017-12-15 13:33:29",28798,1,1192
906398,310897098,"2017-12-15 08:59:45","2017-12-15 00:00:00",310,"2017-12-15 08:59:45",28685,1,1192
906347,310896102,"2017-12-15 08:07:42","2017-12-15 00:00:00",310,"2017-12-15 08:07:41",28634,1,1192
906286,310897010,"2017-12-15 07:41:41","2017-12-15 00:00:00",310,"2017-12-15 07:41:41",28573,1,1192
905566,310896397,"2017-12-15 06:05:14","2017-12-15 00:00:00",310,"2017-12-15 06:05:14",27853,1,1192
905562,310896395,"2017-12-15 06:03:27","2017-12-15 00:00:00",310,"2017-12-15 06:03:27",27849,1,1192
905304,310896103,"2017-12-15 04:52:15","2017-12-15 00:00:00",310,"2017-12-15 04:52:15",27591,1,1192
905303,310896106,"2017-12-15 04:52:05","2017-12-15 00:00:00",310,"2017-12-15 04:52:05",27590,1,1192
905301,310896111,"2017-12-15 04:51:54","2017-12-15 00:00:00",310,"2017-12-15 04:51:54",27588,1,1192
905300,310896113,"2017-12-15 04:51:36","2017-12-15 00:00:00",310,"2017-12-15 04:51:36",27587,1,1192
905249,310896077,"2017-12-15 04:42:47","2017-12-15 00:00:00",310,"2017-12-15 04:42:47",27536,1,1192
905248,310896076,"2017-12-15 04:42:38","2017-12-15 00:00:00",310,"2017-12-15 04:42:38",27535,1,1192
905247,310896075,"2017-12-15 04:42:32","2017-12-15 00:00:00",310,"2017-12-15 04:42:32",27534,1,1192
905246,310896074,"2017-12-15 04:42:31","2017-12-15 00:00:00",310,"2017-12-15 04:42:31",27533,1,1192
905245,310896073,"2017-12-15 04:42:31","2017-12-15 00:00:00",310,"2017-12-15 04:42:31",27532,1,1192
905244,310896072,"2017-12-15 04:42:31","2017-12-15 00:00:00",310,"2017-12-15 04:42:30",27531,1,1192
905243,310896071,"2017-12-15 04:42:30","2017-12-15 00:00:00",310,"2017-12-15 04:42:30",27530,1,1192
905242,310896070,"2017-12-15 04:42:30","2017-12-15 00:00:00",310,"2017-12-15 04:42:30",27529,1,1192
905241,310896069,"2017-12-15 04:42:30","2017-12-15 00:00:00",310,"2017-12-15 04:42:30",27528,1,1192
905240,310896068,"2017-12-15 04:42:30","2017-12-15 00:00:00",310,"2017-12-15 04:42:29",27527,1,1192
905239,310896067,"2017-12-15 04:42:30","2017-12-15 00:00:00",310,"2017-12-15 04:42:29",27526,1,1192
905238,310896066,"2017-12-15 04:42:30","2017-12-15 00:00:00",310,"2017-12-15 04:42:29",27525,1,1192
905237,310896065,"2017-12-15 04:42:29","2017-12-15 00:00:00",310,"2017-12-15 04:42:29",27524,1,1192
904936,310895767,"2017-12-14 11:04:56","2017-12-14 00:00:00",310,"2017-12-14 11:04:57",27223,1,1192
904751,310895594,"2017-12-14 07:37:06","2017-12-14 00:00:00",310,"2017-12-14 07:37:06",27038,1,1192
904689,310895545,"2017-12-14 07:20:42","2017-12-14 00:00:00",310,"2017-12-14 07:20:42",26976,1,1192
903961,310894912,"2017-12-14 05:42:51","2017-12-14 00:00:00",310,"2017-12-14 05:42:50",26248,1,1192
903887,310894802,"2017-12-14 05:24:14","2017-12-14 00:00:00",310,"2017-12-14 05:24:13",26174,1,1192
903825,310894733,"2017-12-14 05:03:17","2017-12-14 00:00:00",310,"2017-12-14 05:03:16",26112,1,1192
903823,310894743,"2017-12-14 05:03:09","2017-12-14 00:00:00",310,"2017-12-14 05:03:09",26110,1,1192
903818,310894744,"2017-12-14 05:03:02","2017-12-14 00:00:00",310,"2017-12-14 05:03:02",26105,1,1192
903816,310894748,"2017-12-14 05:02:53","2017-12-14 00:00:00",310,"2017-12-14 05:02:52",26103,1,1192
903815,310894751,"2017-12-14 05:02:45","2017-12-14 00:00:00",310,"2017-12-14 05:02:44",26102,1,1192
903814,310894754,"2017-12-14 05:02:10","2017-12-14 00:00:00",310,"2017-12-14 05:02:10",26101,1,1192
903732,310894690,"2017-12-14 04:42:40","2017-12-14 00:00:00",310,"2017-12-14 04:42:40",26019,1,1192
903730,310894689,"2017-12-14 04:42:39","2017-12-14 00:00:00",310,"2017-12-14 04:42:39",26017,1,1192
903729,310894688,"2017-12-14 04:42:38","2017-12-14 00:00:00",310,"2017-12-14 04:42:38",26016,1,1192
903728,310894687,"2017-12-14 04:42:37","2017-12-14 00:00:00",310,"2017-12-14 04:42:37",26015,1,1192
903727,310894686,"2017-12-14 04:42:37","2017-12-14 00:00:00",310,"2017-12-14 04:42:37",26014,1,1192
903726,310894685,"2017-12-14 04:42:36","2017-12-14 00:00:00",310,"2017-12-14 04:42:36",26013,1,1192
903725,310894684,"2017-12-14 04:42:36","2017-12-14 00:00:00",310,"2017-12-14 04:42:36",26012,1,1192
903724,310894683,"2017-12-14 04:42:35","2017-12-14 00:00:00",310,"2017-12-14 04:42:35",26011,1,1192
903723,310894682,"2017-12-14 04:42:35","2017-12-14 00:00:00",310,"2017-12-14 04:42:35",26010,1,1192
903722,310894681,"2017-12-14 04:42:35","2017-12-14 00:00:00",310,"2017-12-14 04:42:35",26009,1,1192
903721,310894680,"2017-12-14 04:42:35","2017-12-14 00:00:00",310,"2017-12-14 04:42:35",26008,1,1192
903720,310894679,"2017-12-14 04:42:35","2017-12-14 00:00:00",310,"2017-12-14 04:42:35",26007,1,1192
903719,310894678,"2017-12-14 04:42:35","2017-12-14 00:00:00",310,"2017-12-14 04:42:35",26006,1,1192
903206,310894165,"2017-12-13 07:23:07","2017-12-13 00:00:00",310,"2017-12-13 07:23:07",25493,1,1192
903181,310894068,"2017-12-13 07:19:35","2017-12-13 00:00:00",310,"2017-12-13 07:19:35",25468,1,1192
902419,310892967,"2017-12-13 05:30:25","2017-12-13 00:00:00",310,"2017-12-13 05:30:25",24706,1,1192
902418,310893288,"2017-12-13 05:30:06","2017-12-13 00:00:00",310,"2017-12-13 05:30:05",24705,1,1192
902416,310893291,"2017-12-13 05:29:49","2017-12-13 00:00:00",310,"2017-12-13 05:29:49",24703,1,1192
902415,310893295,"2017-12-13 05:29:37","2017-12-13 00:00:00",310,"2017-12-13 05:29:37",24702,1,1192
902414,310893306,"2017-12-13 05:29:24","2017-12-13 00:00:00",310,"2017-12-13 05:29:24",24701,1,1192
902413,310893310,"2017-12-13 05:29:11","2017-12-13 00:00:00",310,"2017-12-13 05:29:11",24700,1,1192
902412,310893311,"2017-12-13 05:28:59","2017-12-13 00:00:00",310,"2017-12-13 05:28:58",24699,1,1192
902411,310893313,"2017-12-13 05:28:45","2017-12-13 00:00:00",310,"2017-12-13 05:28:45",24698,1,1192
902324,310893393,"2017-12-13 05:03:54","2017-12-13 00:00:00",310,"2017-12-13 05:03:54",24611,1,1192
902323,310893392,"2017-12-13 05:03:52","2017-12-13 00:00:00",310,"2017-12-13 05:03:52",24610,1,1192
902322,310893391,"2017-12-13 05:03:52","2017-12-13 00:00:00",310,"2017-12-13 05:03:52",24609,1,1192
902321,310893390,"2017-12-13 05:03:50","2017-12-13 00:00:00",310,"2017-12-13 05:03:49",24608,1,1192
902320,310893389,"2017-12-13 05:03:49","2017-12-13 00:00:00",310,"2017-12-13 05:03:49",24607,1,1192
902318,310893388,"2017-12-13 05:03:49","2017-12-13 00:00:00",310,"2017-12-13 05:03:48",24605,1,1192
902317,310893387,"2017-12-13 05:03:48","2017-12-13 00:00:00",310,"2017-12-13 05:03:48",24604,1,1192
902316,310893386,"2017-12-13 05:03:48","2017-12-13 00:00:00",310,"2017-12-13 05:03:48",24603,1,1192
902315,310893385,"2017-12-13 05:03:48","2017-12-13 00:00:00",310,"2017-12-13 05:03:47",24602,1,1192
902314,310893384,"2017-12-13 05:03:48","2017-12-13 00:00:00",310,"2017-12-13 05:03:47",24601,1,1192
902313,310893383,"2017-12-13 05:03:47","2017-12-13 00:00:00",310,"2017-12-13 05:03:47",24600,1,1192
902312,310893382,"2017-12-13 05:03:47","2017-12-13 00:00:00",310,"2017-12-13 05:03:47",24599,1,1192
902311,310893381,"2017-12-13 05:03:47","2017-12-13 00:00:00",310,"2017-12-13 05:03:47",24598,1,1192
901885,310892948,"2017-12-12 08:23:16","2017-12-12 00:00:00",310,"2017-12-12 08:23:16",24172,1,1192
901884,310892960,"2017-12-12 08:23:05","2017-12-12 00:00:00",310,"2017-12-12 08:23:05",24171,1,1192
901883,310892965,"2017-12-12 08:22:55","2017-12-12 00:00:00",310,"2017-12-12 08:22:55",24170,1,1192
901828,310892917,"2017-12-12 07:43:17","2017-12-12 00:00:00",310,"2017-12-12 07:43:17",24115,1,1192
901624,310892716,"2017-12-12 07:07:06","2017-12-12 00:00:00",310,"2017-12-12 07:07:06",23911,1,1192
900989,310892142,"2017-12-12 05:44:43","2017-12-12 00:00:00",310,"2017-12-12 05:44:43",23276,1,1192
900908,310892089,"2017-12-12 05:27:31","2017-12-12 00:00:00",310,"2017-12-12 05:27:31",23195,1,1192
900906,310892086,"2017-12-12 05:26:38","2017-12-12 00:00:00",310,"2017-12-12 05:26:38",23193,1,1192
900900,310892084,"2017-12-12 05:26:12","2017-12-12 00:00:00",310,"2017-12-12 05:26:12",23187,1,1192
900771,310891961,"2017-12-12 04:43:43","2017-12-12 00:00:00",310,"2017-12-12 04:43:43",23058,1,1192
900770,310891960,"2017-12-12 04:43:39","2017-12-12 00:00:00",310,"2017-12-12 04:43:38",23057,1,1192
900769,310891959,"2017-12-12 04:43:38","2017-12-12 00:00:00",310,"2017-12-12 04:43:38",23056,1,1192
900768,310891958,"2017-12-12 04:43:38","2017-12-12 00:00:00",310,"2017-12-12 04:43:38",23055,1,1192
900767,310891957,"2017-12-12 04:43:37","2017-12-12 00:00:00",310,"2017-12-12 04:43:37",23054,1,1192
900766,310891956,"2017-12-12 04:43:37","2017-12-12 00:00:00",310,"2017-12-12 04:43:37",23053,1,1192
900765,310891955,"2017-12-12 04:43:36","2017-12-12 00:00:00",310,"2017-12-12 04:43:36",23052,1,1192
900764,310891954,"2017-12-12 04:43:36","2017-12-12 00:00:00",310,"2017-12-12 04:43:36",23051,1,1192
900763,310891953,"2017-12-12 04:43:36","2017-12-12 00:00:00",310,"2017-12-12 04:43:36",23050,1,1192
900762,310891952,"2017-12-12 04:43:36","2017-12-12 00:00:00",310,"2017-12-12 04:43:36",23049,1,1192
900761,310891951,"2017-12-12 04:43:36","2017-12-12 00:00:00",310,"2017-12-12 04:43:36",23048,1,1192
900760,310891950,"2017-12-12 04:43:35","2017-12-12 00:00:00",310,"2017-12-12 04:43:35",23047,1,1192
900759,310891949,"2017-12-12 04:43:35","2017-12-12 00:00:00",310,"2017-12-12 04:43:35",23046,1,1192
900494,310891674,"2017-12-11 13:51:27","2017-12-11 00:00:00",310,"2017-12-11 13:51:26",22781,1,1192
900293,310891497,"2017-12-11 06:45:11","2017-12-11 00:00:00",310,"2017-12-11 06:45:11",22580,1,1192
900280,310891483,"2017-12-11 06:44:05","2017-12-11 00:00:00",310,"2017-12-11 06:44:05",22567,1,1192
900057,310891290,"2017-12-11 05:48:02","2017-12-11 00:00:00",310,"2017-12-11 05:48:02",22344,1,1192
900033,310891235,"2017-12-11 05:40:13","2017-12-11 00:00:00",310,"2017-12-11 05:40:13",22320,1,1192
899914,310891110,"2017-12-11 05:00:00","2017-12-11 00:00:00",310,"2017-12-11 05:00:00",22201,1,1192
899913,310891107,"2017-12-11 04:59:16","2017-12-11 00:00:00",310,"2017-12-11 04:59:16",22200,1,1192
899911,310891106,"2017-12-11 04:58:21","2017-12-11 00:00:00",310,"2017-12-11 04:58:21",22198,1,1192
899909,310891104,"2017-12-11 04:57:53","2017-12-11 00:00:00",310,"2017-12-11 04:57:53",22196,1,1192
899906,310891103,"2017-12-11 04:57:04","2017-12-11 00:00:00",310,"2017-12-11 04:57:04",22193,1,1192
899905,310891101,"2017-12-11 04:56:09","2017-12-11 00:00:00",310,"2017-12-11 04:56:08",22192,1,1192
899903,310891086,"2017-12-11 04:53:48","2017-12-11 00:00:00",310,"2017-12-11 04:53:48",22190,1,1192
899887,310891081,"2017-12-11 04:43:36","2017-12-11 00:00:00",310,"2017-12-11 04:43:36",22174,1,1192
899886,310891080,"2017-12-11 04:43:26","2017-12-11 00:00:00",310,"2017-12-11 04:43:26",22173,1,1192
899885,310891079,"2017-12-11 04:43:25","2017-12-11 00:00:00",310,"2017-12-11 04:43:25",22172,1,1192
899884,310891078,"2017-12-11 04:43:24","2017-12-11 00:00:00",310,"2017-12-11 04:43:24",22171,1,1192
899883,310891077,"2017-12-11 04:43:24","2017-12-11 00:00:00",310,"2017-12-11 04:43:24",22170,1,1192
899882,310891076,"2017-12-11 04:43:24","2017-12-11 00:00:00",310,"2017-12-11 04:43:23",22169,1,1192
899881,310891075,"2017-12-11 04:43:23","2017-12-11 00:00:00",310,"2017-12-11 04:43:23",22168,1,1192
899880,310891074,"2017-12-11 04:43:23","2017-12-11 00:00:00",310,"2017-12-11 04:43:23",22167,1,1192
899879,310891073,"2017-12-11 04:43:23","2017-12-11 00:00:00",310,"2017-12-11 04:43:23",22166,1,1192
899878,310891072,"2017-12-11 04:43:23","2017-12-11 00:00:00",310,"2017-12-11 04:43:23",22165,1,1192
899877,310891071,"2017-12-11 04:43:23","2017-12-11 00:00:00",310,"2017-12-11 04:43:23",22164,1,1192
899876,310891070,"2017-12-11 04:43:23","2017-12-11 00:00:00",310,"2017-12-11 04:43:23",22163,1,1192
899875,310891069,"2017-12-11 04:43:23","2017-12-11 00:00:00",310,"2017-12-11 04:43:22",22162,1,1192
899064,310890269,"2017-12-09 06:12:36","2017-12-09 00:00:00",310,"2017-12-09 06:12:35",21351,1,1192
899063,310890268,"2017-12-09 06:12:35","2017-12-09 00:00:00",310,"2017-12-09 06:12:34",21350,1,1192
899062,310890267,"2017-12-09 06:12:35","2017-12-09 00:00:00",310,"2017-12-09 06:12:34",21349,1,1192
899061,310890266,"2017-12-09 06:12:35","2017-12-09 00:00:00",310,"2017-12-09 06:12:34",21348,1,1192
899060,310890265,"2017-12-09 06:12:34","2017-12-09 00:00:00",310,"2017-12-09 06:12:34",21347,1,1192
899059,310890264,"2017-12-09 06:12:34","2017-12-09 00:00:00",310,"2017-12-09 06:12:33",21346,1,1192
899058,310890263,"2017-12-09 06:12:33","2017-12-09 00:00:00",310,"2017-12-09 06:12:33",21345,1,1192
899057,310890262,"2017-12-09 06:12:33","2017-12-09 00:00:00",310,"2017-12-09 06:12:32",21344,1,1192
899055,310890261,"2017-12-09 06:12:33","2017-12-09 00:00:00",310,"2017-12-09 06:12:32",21342,1,1192
899054,310890260,"2017-12-09 06:12:32","2017-12-09 00:00:00",310,"2017-12-09 06:12:32",21341,1,1192
899053,310890259,"2017-12-09 06:12:32","2017-12-09 00:00:00",310,"2017-12-09 06:12:32",21340,1,1192
899052,310890258,"2017-12-09 06:12:32","2017-12-09 00:00:00",310,"2017-12-09 06:12:31",21339,1,1192
898715,310889906,"2017-12-08 19:22:13","2017-12-08 00:00:00",310,"2017-12-08 19:22:13",21002,1,1192
898701,310889895,"2017-12-08 17:24:09","2017-12-08 00:00:00",310,"2017-12-08 17:24:09",20988,1,1192
898690,310889886,"2017-12-08 15:40:54","2017-12-08 00:00:00",310,"2017-12-08 15:40:53",20977,1,1192
898668,310889866,"2017-12-08 13:40:31","2017-12-08 00:00:00",310,"2017-12-08 13:40:30",20955,1,1192
898656,310889076,"2017-12-08 13:02:26","2017-12-08 00:00:00",310,"2017-12-08 13:02:25",20943,1,1192
898641,310889845,"2017-12-08 11:21:16","2017-12-08 00:00:00",310,"2017-12-08 11:21:16",20928,1,1192
898628,310889833,"2017-12-08 10:38:25","2017-12-08 00:00:00",310,"2017-12-08 10:38:25",20915,1,1192
898126,310889329,"2017-12-08 06:34:10","2017-12-08 00:00:00",310,"2017-12-08 06:34:10",20413,1,1192
898007,310889295,"2017-12-08 06:22:20","2017-12-08 00:00:00",310,"2017-12-08 06:22:19",20294,1,1192
897741,310889059,"2017-12-08 05:29:40","2017-12-08 00:00:00",310,"2017-12-08 05:29:39",20028,1,1192
897736,310889047,"2017-12-08 05:29:13","2017-12-08 00:00:00",310,"2017-12-08 05:29:13",20023,1,1192
897600,310888909,"2017-12-08 05:03:12","2017-12-08 00:00:00",310,"2017-12-08 05:03:12",19887,1,1192
897578,310888890,"2017-12-08 05:01:30","2017-12-08 00:00:00",310,"2017-12-08 05:01:30",19865,1,1192
897576,310888885,"2017-12-08 05:01:06","2017-12-08 00:00:00",310,"2017-12-08 05:01:06",19863,1,1192
897554,310888863,"2017-12-08 04:55:25","2017-12-08 00:00:00",310,"2017-12-08 04:55:24",19841,1,1192
897553,310888862,"2017-12-08 04:55:24","2017-12-08 00:00:00",310,"2017-12-08 04:55:24",19840,1,1192
897552,310888861,"2017-12-08 04:55:24","2017-12-08 00:00:00",310,"2017-12-08 04:55:24",19839,1,1192
897551,310888860,"2017-12-08 04:55:23","2017-12-08 00:00:00",310,"2017-12-08 04:55:23",19838,1,1192
897550,310888859,"2017-12-08 04:55:23","2017-12-08 00:00:00",310,"2017-12-08 04:55:23",19837,1,1192
897549,310888858,"2017-12-08 04:55:23","2017-12-08 00:00:00",310,"2017-12-08 04:55:23",19836,1,1192
897548,310888857,"2017-12-08 04:55:23","2017-12-08 00:00:00",310,"2017-12-08 04:55:22",19835,1,1192
897547,310888856,"2017-12-08 04:55:22","2017-12-08 00:00:00",310,"2017-12-08 04:55:22",19834,1,1192
897546,310888855,"2017-12-08 04:55:22","2017-12-08 00:00:00",310,"2017-12-08 04:55:22",19833,1,1192
897545,310888854,"2017-12-08 04:55:22","2017-12-08 00:00:00",310,"2017-12-08 04:55:22",19832,1,1192
897544,310888853,"2017-12-08 04:55:22","2017-12-08 00:00:00",310,"2017-12-08 04:55:22",19831,1,1192
897543,310888852,"2017-12-08 04:55:22","2017-12-08 00:00:00",310,"2017-12-08 04:55:21",19830,1,1192
897542,310888851,"2017-12-08 04:55:21","2017-12-08 00:00:00",310,"2017-12-08 04:55:21",19829,1,1192
897234,310888536,"2017-12-07 13:00:25","2017-12-07 00:00:00",310,"2017-12-07 13:00:25",19521,1,1192
897229,310888530,"2017-12-07 12:41:06","2017-12-07 00:00:00",310,"2017-12-07 12:41:06",19516,1,1192
897043,310888351,"2017-12-07 07:16:39","2017-12-07 00:00:00",310,"2017-12-07 07:16:40",19330,1,1192
896672,310888039,"2017-12-07 06:29:51","2017-12-07 00:00:00",310,"2017-12-07 06:29:51",18959,1,1192
896454,310887854,"2017-12-07 06:01:25","2017-12-07 00:00:00",310,"2017-12-07 06:01:26",18741,1,1192
896449,310887849,"2017-12-07 06:01:06","2017-12-07 00:00:00",310,"2017-12-07 06:01:07",18736,1,1192
896441,310887843,"2017-12-07 05:59:19","2017-12-07 00:00:00",310,"2017-12-07 05:59:19",18728,1,1192
896387,310887779,"2017-12-07 05:42:43","2017-12-07 00:00:00",310,"2017-12-07 05:42:43",18674,1,1192
896369,310887762,"2017-12-07 05:40:43","2017-12-07 00:00:00",310,"2017-12-07 05:40:43",18656,1,1192
896156,310887560,"2017-12-07 04:53:54","2017-12-07 00:00:00",310,"2017-12-07 04:53:55",18443,1,1192
896155,310887556,"2017-12-07 04:52:54","2017-12-07 00:00:00",310,"2017-12-07 04:52:55",18442,1,1192
896153,310887535,"2017-12-07 04:49:57","2017-12-07 00:00:00",310,"2017-12-07 04:49:57",18440,1,1192
896128,310887527,"2017-12-07 04:45:25","2017-12-07 00:00:00",310,"2017-12-07 04:45:26",18415,1,1192
896127,310887526,"2017-12-07 04:45:15","2017-12-07 00:00:00",310,"2017-12-07 04:45:16",18414,1,1192
896126,310887525,"2017-12-07 04:45:15","2017-12-07 00:00:00",310,"2017-12-07 04:45:15",18413,1,1192
896125,310887524,"2017-12-07 04:45:14","2017-12-07 00:00:00",310,"2017-12-07 04:45:15",18412,1,1192
896124,310887523,"2017-12-07 04:45:14","2017-12-07 00:00:00",310,"2017-12-07 04:45:15",18411,1,1192
896123,310887522,"2017-12-07 04:45:14","2017-12-07 00:00:00",310,"2017-12-07 04:45:14",18410,1,1192
896122,310887521,"2017-12-07 04:45:14","2017-12-07 00:00:00",310,"2017-12-07 04:45:14",18409,1,1192
896121,310887520,"2017-12-07 04:45:13","2017-12-07 00:00:00",310,"2017-12-07 04:45:14",18408,1,1192
896120,310887519,"2017-12-07 04:45:13","2017-12-07 00:00:00",310,"2017-12-07 04:45:13",18407,1,1192
896119,310887518,"2017-12-07 04:45:13","2017-12-07 00:00:00",310,"2017-12-07 04:45:13",18406,1,1192
896118,310887517,"2017-12-07 04:45:13","2017-12-07 00:00:00",310,"2017-12-07 04:45:13",18405,1,1192
896117,310887516,"2017-12-07 04:45:12","2017-12-07 00:00:00",310,"2017-12-07 04:45:13",18404,1,1192
896116,310887515,"2017-12-07 04:45:12","2017-12-07 00:00:00",310,"2017-12-07 04:45:12",18403,1,1192
896115,310887514,"2017-12-07 04:45:12","2017-12-07 00:00:00",310,"2017-12-07 04:45:12",18402,1,1192
895890,310887301,"2017-12-06 15:46:04","2017-12-06 00:00:00",310,"2017-12-06 15:46:04",18177,1,1192
895871,310887284,"2017-12-06 13:49:16","2017-12-06 00:00:00",310,"2017-12-06 13:49:16",18158,1,1192
895861,310887161,"2017-12-06 13:05:24","2017-12-06 00:00:00",310,"2017-12-06 13:05:23",18148,1,1192
895851,310887216,"2017-12-06 12:34:12","2017-12-06 00:00:00",310,"2017-12-06 12:34:12",18138,1,1192
895850,310887162,"2017-12-06 12:32:38","2017-12-06 00:00:00",310,"2017-12-06 12:32:37",18137,1,1192
895848,310887264,"2017-12-06 12:25:17","2017-12-06 00:00:00",310,"2017-12-06 12:25:17",18135,1,1192
895835,310887252,"2017-12-06 11:15:23","2017-12-06 00:00:00",310,"2017-12-06 11:15:22",18122,1,1192
895829,310887249,"2017-12-06 10:56:01","2017-12-06 00:00:00",310,"2017-12-06 10:56:01",18116,1,1192
895742,310886461,"2017-12-06 08:15:17","2017-12-06 00:00:00",310,"2017-12-06 08:15:17",18029,1,1192
895741,310886470,"2017-12-06 08:14:43","2017-12-06 00:00:00",310,"2017-12-06 08:14:43",18028,1,1192
895641,310887060,"2017-12-06 07:18:40","2017-12-06 00:00:00",310,"2017-12-06 07:18:40",17928,1,1192
895542,310886477,"2017-12-06 07:04:03","2017-12-06 00:00:00",310,"2017-12-06 07:04:06",17829,1,1192
895473,310886931,"2017-12-06 06:53:17","2017-12-06 00:00:00",310,"2017-12-06 06:53:20",17760,1,1192
894917,310886424,"2017-12-06 05:32:56","2017-12-06 00:00:00",310,"2017-12-06 05:32:58",17204,1,1192
894725,310886237,"2017-12-06 04:40:38","2017-12-06 00:00:00",310,"2017-12-06 04:40:38",17012,1,1192
894724,310886236,"2017-12-06 04:40:37","2017-12-06 00:00:00",310,"2017-12-06 04:40:37",17011,1,1192
894723,310886235,"2017-12-06 04:40:37","2017-12-06 00:00:00",310,"2017-12-06 04:40:36",17010,1,1192
894722,310886234,"2017-12-06 04:40:36","2017-12-06 00:00:00",310,"2017-12-06 04:40:36",17009,1,1192
894721,310886233,"2017-12-06 04:40:35","2017-12-06 00:00:00",310,"2017-12-06 04:40:34",17008,1,1192
894720,310886232,"2017-12-06 04:40:34","2017-12-06 00:00:00",310,"2017-12-06 04:40:33",17007,1,1192
894719,310886231,"2017-12-06 04:40:33","2017-12-06 00:00:00",310,"2017-12-06 04:40:33",17006,1,1192
894718,310886230,"2017-12-06 04:40:33","2017-12-06 00:00:00",310,"2017-12-06 04:40:33",17005,1,1192
894717,310886229,"2017-12-06 04:40:33","2017-12-06 00:00:00",310,"2017-12-06 04:40:32",17004,1,1192
894716,310886228,"2017-12-06 04:40:33","2017-12-06 00:00:00",310,"2017-12-06 04:40:32",17003,1,1192
894715,310886227,"2017-12-06 04:40:31","2017-12-06 00:00:00",310,"2017-12-06 04:40:31",17002,1,1192
894714,310886226,"2017-12-06 04:40:31","2017-12-06 00:00:00",310,"2017-12-06 04:40:31",17001,1,1192
894713,310886225,"2017-12-06 04:40:31","2017-12-06 00:00:00",310,"2017-12-06 04:40:30",17000,1,1192
894457,310885967,"2017-12-05 16:38:21","2017-12-05 00:00:00",310,"2017-12-05 16:38:21",16744,1,1192
894415,310885932,"2017-12-05 11:12:25","2017-12-05 00:00:00",310,"2017-12-05 11:12:25",16702,1,1192
894412,310885931,"2017-12-05 11:10:37","2017-12-05 00:00:00",310,"2017-12-05 11:10:37",16699,1,1192
894396,310885916,"2017-12-05 10:31:05","2017-12-05 00:00:00",310,"2017-12-05 10:31:04",16683,1,1192
894380,310885901,"2017-12-05 09:17:17","2017-12-05 00:00:00",310,"2017-12-05 09:17:17",16667,1,1192
894268,310885781,"2017-12-05 07:40:02","2017-12-05 00:00:00",310,"2017-12-05 07:40:02",16555,1,1192
893928,310885283,"2017-12-05 06:42:29","2017-12-05 00:00:00",310,"2017-12-05 06:42:29",16215,1,1192
893654,310885280,"2017-12-05 06:01:58","2017-12-05 00:00:00",310,"2017-12-05 06:01:58",15941,1,1192
893646,310885268,"2017-12-05 06:01:36","2017-12-05 00:00:00",310,"2017-12-05 06:01:36",15933,1,1192
893644,310885261,"2017-12-05 06:00:45","2017-12-05 00:00:00",310,"2017-12-05 06:00:45",15931,1,1192
893368,310884994,"2017-12-05 05:00:11","2017-12-05 00:00:00",310,"2017-12-05 05:00:11",15655,1,1192
893367,310884993,"2017-12-05 05:00:05","2017-12-05 00:00:00",310,"2017-12-05 05:00:05",15654,1,1192
893366,310884992,"2017-12-05 05:00:01","2017-12-05 00:00:00",310,"2017-12-05 05:00:01",15653,1,1192
893365,310884991,"2017-12-05 05:00:00","2017-12-05 00:00:00",310,"2017-12-05 05:00:00",15652,1,1192
893364,310884990,"2017-12-05 04:59:59","2017-12-05 00:00:00",310,"2017-12-05 04:59:59",15651,1,1192
893363,310884989,"2017-12-05 04:59:59","2017-12-05 00:00:00",310,"2017-12-05 04:59:59",15650,1,1192
893362,310884988,"2017-12-05 04:59:59","2017-12-05 00:00:00",310,"2017-12-05 04:59:59",15649,1,1192
893361,310884987,"2017-12-05 04:59:58","2017-12-05 00:00:00",310,"2017-12-05 04:59:58",15648,1,1192
893360,310884986,"2017-12-05 04:59:58","2017-12-05 00:00:00",310,"2017-12-05 04:59:58",15647,1,1192
893359,310884985,"2017-12-05 04:59:58","2017-12-05 00:00:00",310,"2017-12-05 04:59:58",15646,1,1192
893358,310884984,"2017-12-05 04:59:58","2017-12-05 00:00:00",310,"2017-12-05 04:59:58",15645,1,1192
893357,310884983,"2017-12-05 04:59:58","2017-12-05 00:00:00",310,"2017-12-05 04:59:58",15644,1,1192
893356,310884982,"2017-12-05 04:59:58","2017-12-05 00:00:00",310,"2017-12-05 04:59:58",15643,1,1192
892986,310884605,"2017-12-04 08:05:03","2017-12-04 00:00:00",310,"2017-12-04 08:05:02",15273,1,1192
892979,310884601,"2017-12-04 07:57:15","2017-12-04 00:00:00",310,"2017-12-04 07:57:15",15266,1,1192
892955,310884562,"2017-12-04 07:33:51","2017-12-04 00:00:00",310,"2017-12-04 07:33:51",15242,1,1192
892833,310884469,"2017-12-04 06:50:27","2017-12-04 00:00:00",310,"2017-12-04 06:50:26",15120,1,1192
892825,310884479,"2017-12-04 06:49:35","2017-12-04 00:00:00",310,"2017-12-04 06:49:35",15112,1,1192
892670,310884225,"2017-12-04 06:19:42","2017-12-04 00:00:00",310,"2017-12-04 06:19:41",14957,1,1192
892617,310884296,"2017-12-04 06:04:38","2017-12-04 00:00:00",310,"2017-12-04 06:04:38",14904,1,1192
892606,310884261,"2017-12-04 06:00:09","2017-12-04 00:00:00",310,"2017-12-04 06:00:09",14893,1,1192
892541,310884223,"2017-12-04 05:41:37","2017-12-04 00:00:00",310,"2017-12-04 05:41:37",14828,1,1192
892537,310884213,"2017-12-04 05:38:36","2017-12-04 00:00:00",310,"2017-12-04 05:38:36",14824,1,1192
892535,310884215,"2017-12-04 05:38:26","2017-12-04 00:00:00",310,"2017-12-04 05:38:26",14822,1,1192
892534,310884218,"2017-12-04 05:38:17","2017-12-04 00:00:00",310,"2017-12-04 05:38:17",14821,1,1192
892533,310884219,"2017-12-04 05:37:58","2017-12-04 00:00:00",310,"2017-12-04 05:37:58",14820,1,1192
891768,310883521,"2017-12-02 06:37:09","2017-12-02 00:00:00",310,"2017-12-02 06:37:09",14055,1,1192
891759,310883517,"2017-12-02 06:36:12","2017-12-02 00:00:00",310,"2017-12-02 06:36:12",14046,1,1192
891463,310883217,"2017-12-02 04:55:35","2017-12-02 00:00:00",310,"2017-12-02 04:55:35",13750,1,1192
891462,310883216,"2017-12-02 04:55:34","2017-12-02 00:00:00",310,"2017-12-02 04:55:34",13749,1,1192
891461,310883215,"2017-12-02 04:55:33","2017-12-02 00:00:00",310,"2017-12-02 04:55:33",13748,1,1192
891460,310883214,"2017-12-02 04:55:33","2017-12-02 00:00:00",310,"2017-12-02 04:55:33",13747,1,1192
891459,310883213,"2017-12-02 04:55:33","2017-12-02 00:00:00",310,"2017-12-02 04:55:33",13746,1,1192
891458,310883212,"2017-12-02 04:55:33","2017-12-02 00:00:00",310,"2017-12-02 04:55:33",13745,1,1192
891457,310883211,"2017-12-02 04:55:33","2017-12-02 00:00:00",310,"2017-12-02 04:55:33",13744,1,1192
891456,310883210,"2017-12-02 04:55:33","2017-12-02 00:00:00",310,"2017-12-02 04:55:33",13743,1,1192
891455,310883209,"2017-12-02 04:55:32","2017-12-02 00:00:00",310,"2017-12-02 04:55:32",13742,1,1192
891454,310883208,"2017-12-02 04:55:32","2017-12-02 00:00:00",310,"2017-12-02 04:55:32",13741,1,1192
891453,310883207,"2017-12-02 04:55:32","2017-12-02 00:00:00",310,"2017-12-02 04:55:32",13740,1,1192
891133,310882906,"2017-12-01 08:23:07","2017-12-01 00:00:00",310,"2017-12-01 08:23:07",13420,1,1192
891115,310882887,"2017-12-01 08:07:03","2017-12-01 00:00:00",310,"2017-12-01 08:07:03",13402,1,1192
890065,310881931,"2017-12-01 04:56:31","2017-12-01 00:00:00",310,"2017-12-01 04:56:31",12352,1,1192
890064,310881930,"2017-12-01 04:56:30","2017-12-01 00:00:00",310,"2017-12-01 04:56:30",12351,1,1192
890063,310881929,"2017-12-01 04:56:28","2017-12-01 00:00:00",310,"2017-12-01 04:56:28",12350,1,1192
890062,310881928,"2017-12-01 04:56:27","2017-12-01 00:00:00",310,"2017-12-01 04:56:27",12349,1,1192
890061,310881927,"2017-12-01 04:56:26","2017-12-01 00:00:00",310,"2017-12-01 04:56:26",12348,1,1192
890060,310881926,"2017-12-01 04:56:26","2017-12-01 00:00:00",310,"2017-12-01 04:56:26",12347,1,1192
890059,310881925,"2017-12-01 04:56:26","2017-12-01 00:00:00",310,"2017-12-01 04:56:26",12346,1,1192
890058,310881924,"2017-12-01 04:56:26","2017-12-01 00:00:00",310,"2017-12-01 04:56:26",12345,1,1192
890057,310881923,"2017-12-01 04:56:26","2017-12-01 00:00:00",310,"2017-12-01 04:56:26",12344,1,1192
890056,310881922,"2017-12-01 04:56:26","2017-12-01 00:00:00",310,"2017-12-01 04:56:26",12343,1,1192
890055,310881921,"2017-12-01 04:56:25","2017-12-01 00:00:00",310,"2017-12-01 04:56:25",12342,1,1192
890054,310881920,"2017-12-01 04:56:25","2017-12-01 00:00:00",310,"2017-12-01 04:56:25",12341,1,1192
889745,310881619,"2017-11-30 13:26:23","2017-11-30 00:00:00",310,"2017-11-30 13:26:23",12032,1,0
889644,310881518,"2017-11-30 08:12:35","2017-11-30 00:00:00",310,"2017-11-30 08:12:35",11931,1,0
889637,310881512,"2017-11-30 08:02:04","2017-11-30 00:00:00",310,"2017-11-30 08:02:04",11924,1,0
889622,310881498,"2017-11-30 07:47:47","2017-11-30 00:00:00",310,"2017-11-30 07:47:47",11909,1,0
889620,310881496,"2017-11-30 07:44:20","2017-11-30 00:00:00",310,"2017-11-30 07:44:19",11907,1,0
889616,310880889,"2017-11-30 07:42:03","2017-11-30 00:00:00",310,"2017-11-30 07:42:03",11903,1,0
889615,310881489,"2017-11-30 07:41:43","2017-11-30 00:00:00",310,"2017-11-30 07:41:43",11902,1,0
888963,310880905,"2017-11-30 05:55:40","2017-11-30 00:00:00",310,"2017-11-30 05:55:39",11250,1,0
888855,310880710,"2017-11-30 05:39:48","2017-11-30 00:00:00",310,"2017-11-30 05:39:48",11142,1,0
888853,310880726,"2017-11-30 05:39:34","2017-11-30 00:00:00",310,"2017-11-30 05:39:34",11140,1,0
888667,310880625,"2017-11-30 04:58:04","2017-11-30 00:00:00",310,"2017-11-30 04:58:04",10954,1,0
888666,310880624,"2017-11-30 04:58:02","2017-11-30 00:00:00",310,"2017-11-30 04:58:02",10953,1,0
888665,310880623,"2017-11-30 04:58:02","2017-11-30 00:00:00",310,"2017-11-30 04:58:02",10952,1,0
888664,310880622,"2017-11-30 04:58:02","2017-11-30 00:00:00",310,"2017-11-30 04:58:02",10951,1,0
888663,310880621,"2017-11-30 04:58:01","2017-11-30 00:00:00",310,"2017-11-30 04:58:01",10950,1,0
888662,310880620,"2017-11-30 04:58:01","2017-11-30 00:00:00",310,"2017-11-30 04:58:01",10949,1,0
888661,310880619,"2017-11-30 04:58:01","2017-11-30 00:00:00",310,"2017-11-30 04:58:01",10948,1,0
888660,310880618,"2017-11-30 04:58:01","2017-11-30 00:00:00",310,"2017-11-30 04:58:00",10947,1,0
888659,310880617,"2017-11-30 04:58:00","2017-11-30 00:00:00",310,"2017-11-30 04:58:00",10946,1,0
888658,310880616,"2017-11-30 04:58:00","2017-11-30 00:00:00",310,"2017-11-30 04:58:00",10945,1,0
888657,310880615,"2017-11-30 04:58:00","2017-11-30 00:00:00",310,"2017-11-30 04:58:00",10944,1,0
888656,310880614,"2017-11-30 04:58:00","2017-11-30 00:00:00",310,"2017-11-30 04:58:00",10943,1,0
888244,310880200,"2017-11-29 07:33:20","2017-11-29 00:00:00",310,"2017-11-29 07:33:19",10531,1,0
888076,310879544,"2017-11-29 06:59:08","2017-11-29 00:00:00",310,"2017-11-29 06:59:08",10363,1,0
888073,310879548,"2017-11-29 06:59:01","2017-11-29 00:00:00",310,"2017-11-29 06:59:01",10360,1,0
887279,310879360,"2017-11-29 04:53:08","2017-11-29 00:00:00",310,"2017-11-29 04:53:09",9566,1,0
887278,310879359,"2017-11-29 04:53:08","2017-11-29 00:00:00",310,"2017-11-29 04:53:08",9565,1,0
887277,310879358,"2017-11-29 04:53:07","2017-11-29 00:00:00",310,"2017-11-29 04:53:07",9564,1,0
887276,310879357,"2017-11-29 04:53:06","2017-11-29 00:00:00",310,"2017-11-29 04:53:06",9563,1,0
887275,310879356,"2017-11-29 04:53:04","2017-11-29 00:00:00",310,"2017-11-29 04:53:04",9562,1,0
887274,310879355,"2017-11-29 04:53:03","2017-11-29 00:00:00",310,"2017-11-29 04:53:03",9561,1,0
887273,310879354,"2017-11-29 04:53:03","2017-11-29 00:00:00",310,"2017-11-29 04:53:03",9560,1,0
887272,310879353,"2017-11-29 04:53:03","2017-11-29 00:00:00",310,"2017-11-29 04:53:03",9559,1,0
887271,310879352,"2017-11-29 04:53:02","2017-11-29 00:00:00",310,"2017-11-29 04:53:03",9558,1,0
887270,310879351,"2017-11-29 04:53:02","2017-11-29 00:00:00",310,"2017-11-29 04:53:03",9557,1,0
887269,310879350,"2017-11-29 04:53:02","2017-11-29 00:00:00",310,"2017-11-29 04:53:02",9556,1,0
887268,310879349,"2017-11-29 04:53:02","2017-11-29 00:00:00",310,"2017-11-29 04:53:02",9555,1,0
886848,310878878,"2017-11-28 07:24:06","2017-11-28 00:00:00",310,"2017-11-28 07:24:05",9135,1,0
886746,310878804,"2017-11-28 07:08:04","2017-11-28 00:00:00",310,"2017-11-28 07:08:04",9033,1,0
886342,310878492,"2017-11-28 06:21:34","2017-11-28 00:00:00",310,"2017-11-28 06:21:33",8629,1,0
886234,310878391,"2017-11-28 06:07:18","2017-11-28 00:00:00",310,"2017-11-28 06:07:17",8521,1,0
886233,310878383,"2017-11-28 06:06:56","2017-11-28 00:00:00",310,"2017-11-28 06:06:56",8520,1,0
886223,310878377,"2017-11-28 06:05:23","2017-11-28 00:00:00",310,"2017-11-28 06:05:23",8510,1,0
885944,310878101,"2017-11-28 05:04:28","2017-11-28 00:00:00",310,"2017-11-28 05:04:28",8231,1,0
885943,310878100,"2017-11-28 05:04:26","2017-11-28 00:00:00",310,"2017-11-28 05:04:26",8230,1,0
885942,310878099,"2017-11-28 05:04:26","2017-11-28 00:00:00",310,"2017-11-28 05:04:26",8229,1,0
885941,310878098,"2017-11-28 05:04:26","2017-11-28 00:00:00",310,"2017-11-28 05:04:25",8228,1,0
885940,310878097,"2017-11-28 05:04:25","2017-11-28 00:00:00",310,"2017-11-28 05:04:25",8227,1,0
885939,310878096,"2017-11-28 05:04:25","2017-11-28 00:00:00",310,"2017-11-28 05:04:25",8226,1,0
885938,310878095,"2017-11-28 05:04:25","2017-11-28 00:00:00",310,"2017-11-28 05:04:25",8225,1,0
885937,310878094,"2017-11-28 05:04:25","2017-11-28 00:00:00",310,"2017-11-28 05:04:24",8224,1,0
885936,310878093,"2017-11-28 05:04:25","2017-11-28 00:00:00",310,"2017-11-28 05:04:24",8223,1,0
885935,310878092,"2017-11-28 05:04:24","2017-11-28 00:00:00",310,"2017-11-28 05:04:24",8222,1,0
885934,310878091,"2017-11-28 05:04:24","2017-11-28 00:00:00",310,"2017-11-28 05:04:24",8221,1,0
885933,310878090,"2017-11-28 05:04:24","2017-11-28 00:00:00",310,"2017-11-28 05:04:24",8220,1,0
885658,310877822,"2017-11-27 15:26:31","2017-11-27 00:00:00",310,"2017-11-27 15:26:31",7945,1,0
885649,310877813,"2017-11-27 13:54:14","2017-11-27 00:00:00",310,"2017-11-27 13:54:14",7936,0,0
885646,310877811,"2017-11-27 13:40:02","2017-11-27 00:00:00",310,"2017-11-27 13:40:02",7933,0,0
885633,310877800,"2017-11-27 11:37:57","2017-11-27 00:00:00",310,"2017-11-27 11:37:57",7920,0,0
885592,310877409,"2017-11-27 08:57:15","2017-11-27 00:00:00",310,"2017-11-27 08:57:15",7879,0,0
885527,310877703,"2017-11-27 07:22:42","2017-11-27 00:00:00",310,"2017-11-27 07:22:42",7814,0,0
885443,310877634,"2017-11-27 06:50:41","2017-11-27 00:00:00",310,"2017-11-27 06:50:41",7730,0,0
885441,310877629,"2017-11-27 06:50:07","2017-11-27 00:00:00",310,"2017-11-27 06:50:06",7728,0,0
885428,310877617,"2017-11-27 06:44:27","2017-11-27 00:00:00",310,"2017-11-27 06:44:27",7715,0,0
885393,310877451,"2017-11-27 06:36:21","2017-11-27 00:00:00",310,"2017-11-27 06:36:21",7680,0,0
885356,310877543,"2017-11-27 06:31:37","2017-11-27 00:00:00",310,NULL,7643,0,0
885332,310877540,"2017-11-27 06:26:38","2017-11-27 00:00:00",310,"2017-11-27 06:26:38",7619,0,0
885315,310877483,"2017-11-27 06:23:36","2017-11-27 00:00:00",310,"2017-11-27 06:23:36",7602,0,0
885063,310877286,"2017-11-27 05:05:36","2017-11-27 00:00:00",310,"2017-11-27 05:05:36",7350,0,0
885062,310877297,"2017-11-27 05:05:36","2017-11-27 00:00:00",310,"2017-11-27 05:05:36",7349,0,0
885061,310877288,"2017-11-27 05:05:34","2017-11-27 00:00:00",310,"2017-11-27 05:05:34",7348,0,0
885060,310877295,"2017-11-27 05:05:34","2017-11-27 00:00:00",310,"2017-11-27 05:05:34",7347,0,0
885059,310877287,"2017-11-27 05:05:34","2017-11-27 00:00:00",310,"2017-11-27 05:05:34",7346,0,0
885058,310877293,"2017-11-27 05:05:34","2017-11-27 00:00:00",310,"2017-11-27 05:05:33",7345,0,0
885057,310877296,"2017-11-27 05:05:33","2017-11-27 00:00:00",310,"2017-11-27 05:05:33",7344,0,0
885056,310877289,"2017-11-27 05:05:33","2017-11-27 00:00:00",310,"2017-11-27 05:05:33",7343,0,0
885055,310877294,"2017-11-27 05:05:33","2017-11-27 00:00:00",310,"2017-11-27 05:05:33",7342,0,0
885054,310877292,"2017-11-27 05:05:33","2017-11-27 00:00:00",310,"2017-11-27 05:05:33",7341,0,0
885053,310877290,"2017-11-27 05:05:33","2017-11-27 00:00:00",310,"2017-11-27 05:05:33",7340,0,0
885052,310877291,"2017-11-27 05:05:33","2017-11-27 00:00:00",310,"2017-11-27 05:05:33",7339,0,0
884632,310876887,"2017-11-25 07:38:42","2017-11-25 00:00:00",310,"2017-11-25 07:38:41",6919,0,0
884596,310876856,"2017-11-25 07:21:08","2017-11-25 00:00:00",310,"2017-11-25 07:21:07",6883,0,0
884049,310876332,"2017-11-25 04:54:27","2017-11-25 00:00:00",310,"2017-11-25 04:54:27",6336,0,0
884048,310876339,"2017-11-25 04:54:27","2017-11-25 00:00:00",310,"2017-11-25 04:54:26",6335,0,0
884047,310876340,"2017-11-25 04:54:27","2017-11-25 00:00:00",310,"2017-11-25 04:54:26",6334,0,0
884046,310876338,"2017-11-25 04:54:27","2017-11-25 00:00:00",310,"2017-11-25 04:54:26",6333,0,0
884045,310876337,"2017-11-25 04:54:27","2017-11-25 00:00:00",310,"2017-11-25 04:54:26",6332,0,0
884044,310876336,"2017-11-25 04:54:26","2017-11-25 00:00:00",310,"2017-11-25 04:54:26",6331,0,0
884043,310876335,"2017-11-25 04:54:26","2017-11-25 00:00:00",310,"2017-11-25 04:54:26",6330,0,0
884042,310876334,"2017-11-25 04:54:26","2017-11-25 00:00:00",310,"2017-11-25 04:54:26",6329,0,0
884041,310876333,"2017-11-25 04:54:26","2017-11-25 00:00:00",310,"2017-11-25 04:54:26",6328,0,0
884040,310876329,"2017-11-25 04:54:26","2017-11-25 00:00:00",310,"2017-11-25 04:54:25",6327,0,0
884039,310876331,"2017-11-25 04:54:26","2017-11-25 00:00:00",310,"2017-11-25 04:54:25",6326,0,0
884038,310876330,"2017-11-25 04:54:26","2017-11-25 00:00:00",310,"2017-11-25 04:54:25",6325,0,0
883698,310876008,"2017-11-24 08:15:22","2017-11-24 00:00:00",310,"2017-11-24 08:15:21",5985,0,0
883629,310875908,"2017-11-24 07:32:18","2017-11-24 00:00:00",310,"2017-11-24 07:32:18",5916,0,0
883467,310875408,"2017-11-24 06:59:15","2017-11-24 00:00:00",310,"2017-11-24 06:59:15",5754,0,0
883311,310875368,"2017-11-24 06:41:43","2017-11-24 00:00:00",310,"2017-11-24 06:41:43",5598,0,0
883295,310875461,"2017-11-24 06:39:37","2017-11-24 00:00:00",310,"2017-11-24 06:39:37",5582,0,0
882924,310875347,"2017-11-24 05:53:10","2017-11-24 00:00:00",310,"2017-11-24 05:53:09",5211,0,0
882920,310875345,"2017-11-24 05:52:37","2017-11-24 00:00:00",310,"2017-11-24 05:52:37",5207,0,0
882919,310875344,"2017-11-24 05:51:52","2017-11-24 00:00:00",310,"2017-11-24 05:51:52",5206,0,0
882913,310875342,"2017-11-24 05:51:07","2017-11-24 00:00:00",310,"2017-11-24 05:51:07",5200,0,0
882910,310875338,"2017-11-24 05:50:40","2017-11-24 00:00:00",310,"2017-11-24 05:50:40",5197,0,0
882645,310875069,"2017-11-24 04:55:29","2017-11-24 00:00:00",310,"2017-11-24 04:55:29",4932,0,0
882644,310875067,"2017-11-24 04:55:29","2017-11-24 00:00:00",310,"2017-11-24 04:55:29",4931,0,0
882643,310875068,"2017-11-24 04:55:29","2017-11-24 00:00:00",310,"2017-11-24 04:55:29",4930,0,0
882642,310875077,"2017-11-24 04:55:29","2017-11-24 00:00:00",310,"2017-11-24 04:55:29",4929,0,0
882641,310875074,"2017-11-24 04:55:29","2017-11-24 00:00:00",310,"2017-11-24 04:55:29",4928,0,0
882640,310875071,"2017-11-24 04:55:29","2017-11-24 00:00:00",310,"2017-11-24 04:55:29",4927,0,0
882639,310875073,"2017-11-24 04:55:29","2017-11-24 00:00:00",310,"2017-11-24 04:55:28",4926,0,0
882638,310875070,"2017-11-24 04:55:29","2017-11-24 00:00:00",310,"2017-11-24 04:55:28",4925,0,0
882637,310875076,"2017-11-24 04:55:29","2017-11-24 00:00:00",310,"2017-11-24 04:55:28",4924,0,0
882636,310875075,"2017-11-24 04:55:28","2017-11-24 00:00:00",310,"2017-11-24 04:55:28",4923,0,0
882635,310875078,"2017-11-24 04:55:28","2017-11-24 00:00:00",310,"2017-11-24 04:55:28",4922,0,0
882634,310875072,"2017-11-24 04:55:28","2017-11-24 00:00:00",310,"2017-11-24 04:55:28",4921,0,0
882390,310874807,"2017-11-23 17:29:48","2017-11-23 00:00:00",310,"2017-11-23 17:29:48",4677,0,0
882384,310874801,"2017-11-23 17:13:30","2017-11-23 00:00:00",310,"2017-11-23 17:13:30",4671,0,0
882346,310874768,"2017-11-23 11:21:36","2017-11-23 00:00:00",310,"2017-11-23 11:21:36",4633,0,0
882233,310874655,"2017-11-23 07:59:23","2017-11-23 00:00:00",310,"2017-11-23 07:59:23",4520,0,0
882222,310874651,"2017-11-23 07:44:06","2017-11-23 00:00:00",310,"2017-11-23 07:44:05",4509,0,0
882189,310874619,"2017-11-23 07:28:37","2017-11-23 00:00:00",310,"2017-11-23 07:28:36",4476,0,0
882040,310874487,"2017-11-23 06:57:06","2017-11-23 00:00:00",310,"2017-11-23 06:57:06",4327,0,0
882003,310874456,"2017-11-23 06:52:12","2017-11-23 00:00:00",310,"2017-11-23 06:52:12",4290,0,0
881946,310874077,"2017-11-23 06:43:54","2017-11-23 00:00:00",310,"2017-11-23 06:43:54",4233,0,0
881944,310873962,"2017-11-23 06:43:49","2017-11-23 00:00:00",310,"2017-11-23 06:43:49",4231,0,0
881943,310873956,"2017-11-23 06:43:42","2017-11-23 00:00:00",310,"2017-11-23 06:43:42",4230,0,0
881217,310873786,"2017-11-23 04:59:47","2017-11-23 00:00:00",310,"2017-11-23 04:59:47",3504,0,0
881216,310873781,"2017-11-23 04:59:47","2017-11-23 00:00:00",310,"2017-11-23 04:59:47",3503,0,0
881215,310873782,"2017-11-23 04:59:47","2017-11-23 00:00:00",310,"2017-11-23 04:59:47",3502,0,0
881214,310873784,"2017-11-23 04:59:47","2017-11-23 00:00:00",310,"2017-11-23 04:59:47",3501,0,0
881213,310873785,"2017-11-23 04:59:47","2017-11-23 00:00:00",310,"2017-11-23 04:59:47",3500,0,0
881212,310873779,"2017-11-23 04:59:47","2017-11-23 00:00:00",310,"2017-11-23 04:59:46",3499,0,0
881211,310873780,"2017-11-23 04:59:46","2017-11-23 00:00:00",310,"2017-11-23 04:59:46",3498,0,0
881210,310873776,"2017-11-23 04:59:46","2017-11-23 00:00:00",310,"2017-11-23 04:59:46",3497,0,0
881209,310873783,"2017-11-23 04:59:46","2017-11-23 00:00:00",310,"2017-11-23 04:59:46",3496,0,0
881208,310873787,"2017-11-23 04:59:46","2017-11-23 00:00:00",310,"2017-11-23 04:59:46",3495,0,0
881207,310873778,"2017-11-23 04:59:46","2017-11-23 00:00:00",310,"2017-11-23 04:59:46",3494,0,0
881206,310873777,"2017-11-23 04:59:46","2017-11-23 00:00:00",310,"2017-11-23 04:59:46",3493,0,0
880276,310872666,"2017-11-22 06:06:39","2017-11-22 00:00:00",310,"2017-11-22 06:06:39",2563,0,0
880275,310872672,"2017-11-22 06:06:33","2017-11-22 00:00:00",310,"2017-11-22 06:06:33",2562,0,0
880274,310872681,"2017-11-22 06:06:27","2017-11-22 00:00:00",310,"2017-11-22 06:06:26",2561,0,0
880014,310868504,"2017-11-22 05:16:31","2017-11-22 00:00:00",310,"2017-11-22 05:16:31",2301,0,0
880010,310871486,"2017-11-22 05:15:48","2017-11-22 00:00:00",310,"2017-11-22 05:15:47",2297,0,0
880009,310871490,"2017-11-22 05:15:37","2017-11-22 00:00:00",310,"2017-11-22 05:15:37",2296,0,0
880008,310871453,"2017-11-22 05:15:25","2017-11-22 00:00:00",310,"2017-11-22 05:15:25",2295,0,0
879968,310872623,"2017-11-22 04:59:50","2017-11-22 00:00:00",310,"2017-11-22 04:59:50",2255,0,0
879967,310872618,"2017-11-22 04:59:50","2017-11-22 00:00:00",310,"2017-11-22 04:59:49",2254,0,0
879966,310872615,"2017-11-22 04:59:49","2017-11-22 00:00:00",310,"2017-11-22 04:59:49",2253,0,0
879965,310872617,"2017-11-22 04:59:49","2017-11-22 00:00:00",310,"2017-11-22 04:59:49",2252,0,0
879964,310872624,"2017-11-22 04:59:49","2017-11-22 00:00:00",310,"2017-11-22 04:59:49",2251,0,0
879963,310872621,"2017-11-22 04:59:49","2017-11-22 00:00:00",310,"2017-11-22 04:59:49",2250,0,0
879962,310872620,"2017-11-22 04:59:49","2017-11-22 00:00:00",310,"2017-11-22 04:59:49",2249,0,0
879961,310872625,"2017-11-22 04:59:49","2017-11-22 00:00:00",310,"2017-11-22 04:59:49",2248,0,0
879960,310872616,"2017-11-22 04:59:49","2017-11-22 00:00:00",310,"2017-11-22 04:59:49",2247,0,0
879959,310872619,"2017-11-22 04:59:49","2017-11-22 00:00:00",310,"2017-11-22 04:59:49",2246,0,0
879958,310872622,"2017-11-22 04:59:49","2017-11-22 00:00:00",310,"2017-11-22 04:59:48",2245,0,0
879539,310872164,"2017-11-21 07:56:36","2017-11-21 00:00:00",310,"2017-11-21 07:56:36",1826,0,0
878774,310871446,"2017-11-21 05:38:09","2017-11-21 00:00:00",310,"2017-11-21 05:38:09",1061,0,0
878772,310871450,"2017-11-21 05:37:55","2017-11-21 00:00:00",310,"2017-11-21 05:37:55",1059,0,0
878633,310871419,"2017-11-21 05:07:46","2017-11-21 00:00:00",310,"2017-11-21 05:07:46",920,0,0
878632,310871412,"2017-11-21 05:07:45","2017-11-21 00:00:00",310,"2017-11-21 05:07:45",919,0,0
878631,310871415,"2017-11-21 05:07:45","2017-11-21 00:00:00",310,"2017-11-21 05:07:45",918,0,0
878630,310871414,"2017-11-21 05:07:45","2017-11-21 00:00:00",310,"2017-11-21 05:07:45",917,0,0
878629,310871418,"2017-11-21 05:07:45","2017-11-21 00:00:00",310,"2017-11-21 05:07:45",916,0,0
878628,310871417,"2017-11-21 05:07:45","2017-11-21 00:00:00",310,"2017-11-21 05:07:45",915,0,0
878627,310871413,"2017-11-21 05:07:45","2017-11-21 00:00:00",310,"2017-11-21 05:07:45",914,0,0
878626,310871411,"2017-11-21 05:07:45","2017-11-21 00:00:00",310,"2017-11-21 05:07:45",913,0,0
878625,310871410,"2017-11-21 05:07:45","2017-11-21 00:00:00",310,"2017-11-21 05:07:45",912,0,0
878624,310871416,"2017-11-21 05:07:45","2017-11-21 00:00:00",310,"2017-11-21 05:07:45",911,0,0
878329,310871121,"2017-11-20 15:18:39","2017-11-20 00:00:00",310,"2017-11-20 15:18:39",616,0,0
878317,310871112,"2017-11-20 14:02:41","2017-11-20 00:00:00",310,"2017-11-20 14:02:41",604,0,0
878215,310871024,"2017-11-20 07:28:12","2017-11-20 00:00:00",310,"2017-11-20 07:28:12",502,0,0
878207,310871014,"2017-11-20 07:20:54","2017-11-20 00:00:00",310,"2017-11-20 07:20:54",494,0,0
878202,310871012,"2017-11-20 07:18:26","2017-11-20 00:00:00",310,"2017-11-20 07:18:26",489,0,0
878171,310870270,"2017-11-20 07:09:49","2017-11-20 00:00:00",310,"2017-11-20 07:09:49",458,0,0
878096,310870269,"2017-11-20 06:38:15","2017-11-20 00:00:00",310,"2017-11-20 06:38:15",383,0,0
877985,310870259,"2017-11-20 06:17:03","2017-11-20 00:00:00",310,"2017-11-20 06:17:03",272,0,0
877775,310870273,"2017-11-20 05:06:56","2017-11-20 00:00:00",310,"2017-11-20 05:06:56",62,0,0
877769,310870623,"2017-11-20 05:05:53","2017-11-20 00:00:00",310,"2017-11-20 05:05:53",56,0,0
877768,310870619,"2017-11-20 05:05:53","2017-11-20 00:00:00",310,"2017-11-20 05:05:53",55,0,0
877767,310870627,"2017-11-20 05:05:53","2017-11-20 00:00:00",310,"2017-11-20 05:05:53",54,0,0
877766,310870617,"2017-11-20 05:05:53","2017-11-20 00:00:00",310,"2017-11-20 05:05:53",53,0,0
877765,310870626,"2017-11-20 05:05:53","2017-11-20 00:00:00",310,"2017-11-20 05:05:53",52,0,0
877764,310870620,"2017-11-20 05:05:52","2017-11-20 00:00:00",310,"2017-11-20 05:05:52",51,0,0
877763,310870621,"2017-11-20 05:05:52","2017-11-20 00:00:00",310,"2017-11-20 05:05:52",50,0,0
877762,310870622,"2017-11-20 05:05:52","2017-11-20 00:00:00",310,"2017-11-20 05:05:52",49,0,0
877761,310870618,"2017-11-20 05:05:52","2017-11-20 00:00:00",310,"2017-11-20 05:05:52",48,0,0
877760,310870625,"2017-11-20 05:05:51","2017-11-20 00:00:00",310,"2017-11-20 05:05:51",47,0,0
877759,310870624,"2017-11-20 05:05:51","2017-11-20 00:00:00",310,"2017-11-20 05:05:51",46,0,0
876792,310869701,"2017-11-18 04:50:44","2017-11-18 00:00:00",310,"2017-11-18 04:50:43",0,0,0
876791,310869696,"2017-11-18 04:50:44","2017-11-18 00:00:00",310,"2017-11-18 04:50:43",0,0,0
876790,310869700,"2017-11-18 04:50:44","2017-11-18 00:00:00",310,"2017-11-18 04:50:43",0,0,0
876789,310869698,"2017-11-18 04:50:43","2017-11-18 00:00:00",310,"2017-11-18 04:50:43",0,0,0
876788,310869702,"2017-11-18 04:50:43","2017-11-18 00:00:00",310,"2017-11-18 04:50:43",0,0,0
876787,310869695,"2017-11-18 04:50:43","2017-11-18 00:00:00",310,"2017-11-18 04:50:43",0,0,0
876786,310869697,"2017-11-18 04:50:43","2017-11-18 00:00:00",310,"2017-11-18 04:50:42",0,0,0
876785,310869703,"2017-11-18 04:50:43","2017-11-18 00:00:00",310,"2017-11-18 04:50:42",0,0,0
876784,310869699,"2017-11-18 04:50:42","2017-11-18 00:00:00",310,"2017-11-18 04:50:42",0,0,0
876550,310869472,"2017-11-17 12:17:00","2017-11-17 00:00:00",310,"2017-11-17 12:17:00",0,0,0
875664,310868435,"2017-11-17 05:46:36","2017-11-17 00:00:00",310,"2017-11-17 05:46:36",0,0,0
875635,310868453,"2017-11-17 05:43:06","2017-11-17 00:00:00",310,"2017-11-17 05:43:06",0,0,0
875433,310868431,"2017-11-17 05:03:38","2017-11-17 00:00:00",310,"2017-11-17 05:03:38",0,0,0
875432,310868427,"2017-11-17 05:03:38","2017-11-17 00:00:00",310,"2017-11-17 05:03:38",0,0,0
875431,310868429,"2017-11-17 05:03:38","2017-11-17 00:00:00",310,"2017-11-17 05:03:38",0,0,0
875430,310868433,"2017-11-17 05:03:38","2017-11-17 00:00:00",310,"2017-11-17 05:03:38",0,0,0
875429,310868426,"2017-11-17 05:03:38","2017-11-17 00:00:00",310,"2017-11-17 05:03:38",0,0,0
875428,310868425,"2017-11-17 05:03:38","2017-11-17 00:00:00",310,"2017-11-17 05:03:38",0,0,0
875427,310868424,"2017-11-17 05:03:38","2017-11-17 00:00:00",310,"2017-11-17 05:03:38",0,0,0
875426,310868428,"2017-11-17 05:03:38","2017-11-17 00:00:00",310,"2017-11-17 05:03:38",0,0,0
875425,310868432,"2017-11-17 05:03:38","2017-11-17 00:00:00",310,"2017-11-17 05:03:38",0,0,0
875424,310868430,"2017-11-17 05:03:37","2017-11-17 00:00:00",310,"2017-11-17 05:03:38",0,0,0
875168,310868158,"2017-11-16 17:04:40","2017-11-16 00:00:00",310,"2017-11-16 17:04:40",0,0,0
875155,310867192,"2017-11-16 15:30:10","2017-11-16 00:00:00",310,"2017-11-16 15:30:11",0,0,0
875152,310868145,"2017-11-16 15:09:07","2017-11-16 00:00:00",310,"2017-11-16 15:09:07",0,0,0
874539,310867634,"2017-11-16 06:27:14","2017-11-16 00:00:00",310,"2017-11-16 06:27:14",0,0,0
874311,310867172,"2017-11-16 05:48:39","2017-11-16 00:00:00",310,"2017-11-16 05:48:39",0,0,0
874310,310867186,"2017-11-16 05:48:24","2017-11-16 00:00:00",310,"2017-11-16 05:48:24",0,0,0
874305,310867204,"2017-11-16 05:46:58","2017-11-16 00:00:00",310,"2017-11-16 05:46:58",0,0,0
874151,310867211,"2017-11-16 05:19:10","2017-11-16 00:00:00",310,"2017-11-16 05:19:10",0,0,0
874036,310867129,"2017-11-16 04:53:55","2017-11-16 00:00:00",310,"2017-11-16 04:53:55",0,0,0
874035,310867130,"2017-11-16 04:53:55","2017-11-16 00:00:00",310,"2017-11-16 04:53:55",0,0,0
874034,310867127,"2017-11-16 04:53:55","2017-11-16 00:00:00",310,"2017-11-16 04:53:55",0,0,0
874033,310867134,"2017-11-16 04:53:55","2017-11-16 00:00:00",310,"2017-11-16 04:53:55",0,0,0
874032,310867135,"2017-11-16 04:53:54","2017-11-16 00:00:00",310,"2017-11-16 04:53:54",0,0,0
874031,310867132,"2017-11-16 04:53:54","2017-11-16 00:00:00",310,"2017-11-16 04:53:54",0,0,0
874030,310867136,"2017-11-16 04:53:54","2017-11-16 00:00:00",310,"2017-11-16 04:53:54",0,0,0
874029,310867131,"2017-11-16 04:53:54","2017-11-16 00:00:00",310,"2017-11-16 04:53:54",0,0,0
874028,310867128,"2017-11-16 04:53:54","2017-11-16 00:00:00",310,"2017-11-16 04:53:54",0,0,0
874027,310867133,"2017-11-16 04:53:54","2017-11-16 00:00:00",310,"2017-11-16 04:53:54",0,0,0
873784,310866103,"2017-11-15 16:18:16","2017-11-15 00:00:00",310,"2017-11-15 16:18:17",0,0,0
873654,310866780,"2017-11-15 07:55:47","2017-11-15 00:00:00",310,"2017-11-15 07:55:47",0,0,0
873605,310866727,"2017-11-15 07:31:24","2017-11-15 00:00:00",310,"2017-11-15 07:31:23",0,0,0
872693,310865918,"2017-11-15 04:59:51","2017-11-15 00:00:00",310,"2017-11-15 04:59:51",0,0,0
872692,310865914,"2017-11-15 04:59:51","2017-11-15 00:00:00",310,"2017-11-15 04:59:50",0,0,0
872691,310865913,"2017-11-15 04:59:51","2017-11-15 00:00:00",310,"2017-11-15 04:59:50",0,0,0
872690,310865911,"2017-11-15 04:59:51","2017-11-15 00:00:00",310,"2017-11-15 04:59:50",0,0,0
872689,310865919,"2017-11-15 04:59:51","2017-11-15 00:00:00",310,"2017-11-15 04:59:50",0,0,0
872688,310865915,"2017-11-15 04:59:51","2017-11-15 00:00:00",310,"2017-11-15 04:59:50",0,0,0
872687,310865917,"2017-11-15 04:59:50","2017-11-15 00:00:00",310,"2017-11-15 04:59:50",0,0,0
872686,310865920,"2017-11-15 04:59:50","2017-11-15 00:00:00",310,"2017-11-15 04:59:50",0,0,0
872685,310865916,"2017-11-15 04:59:50","2017-11-15 00:00:00",310,"2017-11-15 04:59:50",0,0,0
872684,310865912,"2017-11-15 04:59:50","2017-11-15 00:00:00",310,"2017-11-15 04:59:50",0,0,0
872362,310865595,"2017-11-14 12:35:15","2017-11-14 00:00:00",310,"2017-11-14 12:35:15",0,0,0
872355,310865590,"2017-11-14 12:13:19","2017-11-14 00:00:00",310,"2017-11-14 12:13:18",0,0,0
871932,310865232,"2017-11-14 06:41:53","2017-11-14 00:00:00",310,"2017-11-14 06:41:53",0,0,0
871714,310864868,"2017-11-14 06:13:53","2017-11-14 00:00:00",310,"2017-11-14 06:13:53",0,0,0
871576,310864918,"2017-11-14 05:54:22","2017-11-14 00:00:00",310,"2017-11-14 05:54:22",0,0,0
871374,310864724,"2017-11-14 05:11:21","2017-11-14 00:00:00",310,"2017-11-14 05:11:21",0,0,0
871372,310864720,"2017-11-14 05:09:32","2017-11-14 00:00:00",310,"2017-11-14 05:09:31",0,0,0
871368,310864714,"2017-11-14 05:05:19","2017-11-14 00:00:00",310,"2017-11-14 05:05:19",0,0,0
871367,310864710,"2017-11-14 05:05:19","2017-11-14 00:00:00",310,"2017-11-14 05:05:18",0,0,0
871366,310864713,"2017-11-14 05:05:19","2017-11-14 00:00:00",310,"2017-11-14 05:05:18",0,0,0
871365,310864708,"2017-11-14 05:05:18","2017-11-14 00:00:00",310,"2017-11-14 05:05:18",0,0,0
871364,310864717,"2017-11-14 05:05:18","2017-11-14 00:00:00",310,"2017-11-14 05:05:18",0,0,0
871363,310864716,"2017-11-14 05:05:18","2017-11-14 00:00:00",310,"2017-11-14 05:05:18",0,0,0
871362,310864709,"2017-11-14 05:05:18","2017-11-14 00:00:00",310,"2017-11-14 05:05:18",0,0,0
871361,310864712,"2017-11-14 05:05:18","2017-11-14 00:00:00",310,"2017-11-14 05:05:18",0,0,0
871360,310864715,"2017-11-14 05:05:18","2017-11-14 00:00:00",310,"2017-11-14 05:05:18",0,0,0
871359,310864711,"2017-11-14 05:05:18","2017-11-14 00:00:00",310,"2017-11-14 05:05:18",0,0,0
871038,310864377,"2017-11-13 15:41:51","2017-11-13 00:00:00",310,"2017-11-13 15:41:51",0,0,0
870913,310864249,"2017-11-13 07:26:20","2017-11-13 00:00:00",310,"2017-11-13 07:26:20",0,0,0
870912,310864248,"2017-11-13 07:25:55","2017-11-13 00:00:00",310,"2017-11-13 07:25:55",0,0,0
870897,310864046,"2017-11-13 07:13:59","2017-11-13 00:00:00",310,"2017-11-13 07:13:59",0,0,0
870425,310863606,"2017-11-13 05:03:35","2017-11-13 00:00:00",310,"2017-11-13 05:03:35",0,0,0
870424,310863604,"2017-11-13 05:03:17","2017-11-13 00:00:00",310,"2017-11-13 05:03:17",0,0,0
870423,310863580,"2017-11-13 05:03:07","2017-11-13 00:00:00",310,"2017-11-13 05:03:07",0,0,0
870422,310863578,"2017-11-13 05:02:56","2017-11-13 00:00:00",310,"2017-11-13 05:02:56",0,0,0
870421,310863577,"2017-11-13 05:02:42","2017-11-13 00:00:00",310,"2017-11-13 05:02:42",0,0,0
870420,310863566,"2017-11-13 05:02:32","2017-11-13 00:00:00",310,"2017-11-13 05:02:32",0,0,0
870419,310863565,"2017-11-13 05:02:21","2017-11-13 00:00:00",310,"2017-11-13 05:02:21",0,0,0
